00A7bjI,2011-04-16 17:21:17,photo,156070698244,Damien,110126292228
00A7bjI,2011-04-16 16:44:44,photo,156215401732,Damien,110126292228
00A7bjI,2011-04-16 16:19:32,photo,156075941124,Damien,110126292228
00ahr0e,2011-05-13 22:34:06,photo,166537116420,Bb,155577400068
017Wy2e,2011-05-05 05:32:08,photo,168181316612,Daisuke,136135785476
017Wy2e,2011-05-05 05:31:12,photo,168214871044,Daisuke,136135785476
017Wy2e,2011-05-05 05:27:14,photo,167986281476,Daisuke,136135785476
017Wy2e,2011-05-05 05:25:41,photo,168224308228,Daisuke,136135785476
017Wy2e,2011-05-05 05:24:14,photo,168013544452,Daisuke,136135785476
01gB46I,2011-04-06 08:29:48,photo,144680778244,tsu83,111972547076
01mUuRY,2011-04-11 11:41:54,photo,151254416388,George,151254416388
02rWqMI,2011-04-17 05:13:11,photo,155098661892,Justin,153179767812
02rWqMI,2011-04-17 05:12:52,photo,155206665220,Justin,153179767812
02rWqMI,2011-04-17 05:12:27,photo,155055670276,Justin,153179767812
044iWhI,2011-04-06 03:06:50,photo,145676145668,em2,140575872004
04ls4fe,2011-09-04 19:31:07,photo,203852440068,solsafari,150235603460
04ls4fe,2011-09-04 19:30:54,photo,203855585796,solsafari,150235603460
04ls4fe,2011-09-04 19:30:44,photo,203849294340,solsafari,150235603460
04ls4fe,2011-09-04 19:30:34,photo,203848245764,solsafari,150235603460
04ls4fe,2011-09-04 19:27:22,photo,203847197188,solsafari,150235603460
04ls4fe,2011-09-04 19:24:12,photo,203851391492,solsafari,150235603460
04ls4fe,2011-09-04 19:23:54,photo,203850342916,solsafari,150235603460
04ls4fe,2011-09-04 19:23:42,photo,203844051460,solsafari,150235603460
04ls4fe,2011-09-04 19:23:32,photo,203843002884,solsafari,150235603460
04ls4fe,2011-09-04 19:23:16,photo,203841954308,solsafari,150235603460
04ls4fe,2011-09-04 19:08:33,photo,203845100036,solsafari,150235603460
04ls4fe,2011-09-04 19:08:18,photo,203838808580,solsafari,150235603460
04ls4fe,2011-09-04 19:07:52,photo,203840905732,solsafari,150235603460
058IR9Y,2011-04-02 02:13:53,photo,137161849092,sgk,132918885636
058IR9Y,2011-04-02 00:52:53,photo,136849373444,のりこ,135547783940
058IR9Y,2011-04-02 00:52:38,photo,137055942916,のりこ,135547783940
058IR9Y,2011-04-02 00:43:21,photo,137019242756,sgk,132918885636
058IR9Y,2011-04-02 00:40:45,photo,136886073604,yasibon,137042311428
06iN1BY,2011-04-11 21:18:17,photo,149447749124,Alistair,117530419204
06iN1BY,2011-04-11 21:17:34,photo,149446700548,Ryan,107308625412
07ArejY,2011-04-07 05:33:10,photo,146677820676,Melissa,146847200772
07ArejY,2011-04-07 05:29:20,photo,146682014980,emihart,139541212420
07ArejY,2011-04-07 05:28:42,photo,146480688388,Melissa,146847200772
07ArejY,2011-04-07 05:28:28,photo,146454473988,Wang,128583066884
07ArejY,2011-04-07 05:27:31,photo,146591837444,emihart,139541212420
07ArejY,2011-04-07 05:27:05,photo,146429308164,konaish,139180079364
07ArejY,2011-04-07 05:25:56,photo,146361150724,Melissa,146847200772
07ArejY,2011-04-07 05:24:16,photo,146318159108,konaish,139180079364
07ArejY,2011-04-07 05:23:48,photo,146551991556,Michael,137924224004
07ArejY,2011-04-07 05:23:47,photo,146495368452,emihart,139541212420
07ArejY,2011-04-07 05:23:25,photo,146604420356,emihart,139541212420
07ArejY,2011-04-07 05:23:02,photo,146416725252,emihart,139541212420
07ArejY,2011-04-07 05:22:29,photo,146423016708,konaish,139180079364
07ArejY,2011-04-07 05:22:00,photo,146666286340,konaish,139180079364
07ArejY,2011-04-07 05:21:40,photo,146661043460,emihart,139541212420
07ArejY,2011-04-07 05:21:31,photo,146655800580,Michael,137924224004
07ArejY,2011-04-07 05:21:10,photo,146255244548,emihart,139541212420
07ArejY,2011-04-07 05:20:33,photo,146650557700,emihart,139541212420
07ArejY,2011-04-07 05:20:14,photo,146499562756,emihart,139541212420
07ArejY,2011-04-07 05:20:14,photo,146580303108,Michael,137924224004
07ArejY,2011-04-07 05:19:48,photo,146645314820,emihart,139541212420
07ArejY,2011-04-07 05:19:46,photo,146642169092,Michael,137924224004
07ArejY,2011-04-07 05:19:07,photo,146543602948,emihart,139541212420
07J06qe,2011-04-29 20:02:25,photo,167509063940,Hellie,165095241988
08Ml2pI,2011-04-30 16:05:13,photo,164946540292,れろ？,162302498564
08Ml2pI,2011-04-30 16:04:40,photo,165053495044,れろ？,162302498564
08Ml2pI,2011-04-30 16:04:15,photo,165006309124,れろ？,162302498564
08Ml2pI,2011-04-30 16:03:15,photo,165034620676,れろ？,162302498564
08Ml2pI,2011-04-30 16:02:25,photo,164983240452,れろ？,162302498564
08Ml2pI,2011-04-30 16:00:23,photo,165011552004,れろ？,162302498564
08Ml2pI,2011-04-30 15:54:04,photo,164982191876,はま,162823457284
08Ml2pI,2011-04-30 15:51:17,photo,165018892036,はま,162823457284
08Ml2pI,2011-04-30 15:50:30,photo,164955977476,はま,162823457284
08Ml2pI,2011-04-30 15:48:04,photo,165017843461,はま,162823457284
08Ml2pI,2011-04-30 15:47:44,photo,164970657541,はま,162823457284
08Ml2pI,2011-04-30 15:47:25,photo,164991629061,はま,162823457284
08Ml2pI,2011-04-30 15:47:00,photo,165057689349,はま,162823457284
08Ml2pI,2011-04-30 15:45:51,photo,165052446468,はま,162823457284
08Ml2pI,2011-04-30 15:45:15,photo,164888868612,はま,162823457284
08Ml2pI,2011-04-30 15:42:56,photo,165047203589,はま,162823457284
08Ml2pI,2011-04-30 15:42:40,photo,164945491716,れろ？,162302498564
08Ml2pI,2011-04-30 15:42:33,photo,165041960709,はま,162823457284
08Ml2pI,2011-04-30 15:42:04,photo,164924520197,はま,162823457284
08Ml2pI,2011-04-30 15:42:00,photo,164851119876,れろ？,162302498564
08Ml2pI,2011-04-30 15:41:40,photo,165016794885,はま,162823457284
08Ml2pI,2011-04-30 15:40:09,photo,164915083013,はま,162823457284
08Ml2pI,2011-04-30 15:39:59,photo,165037766404,れろ？,162302498564
08Ml2pI,2011-04-30 15:38:17,photo,164981143300,はま,162823457284
08Ml2pI,2011-04-30 15:37:57,photo,164914034437,はま,162823457284
08Ml2pI,2011-04-30 15:37:21,photo,164819662597,はま,162823457284
08Ml2pI,2011-04-30 15:37:16,photo,164845876996,れろ？,162302498564
08Ml2pI,2011-04-30 15:36:53,photo,165036717829,はま,162823457284
08Ml2pI,2011-04-30 15:36:25,photo,164923471621,はま,162823457284
08Ml2pI,2011-04-30 15:35:42,photo,165026232068,れろ？,162302498564
08Ml2pI,2011-04-30 15:35:26,photo,165020989188,はま,162823457284
08Ml2pI,2011-04-30 15:35:21,photo,164965414660,ue5,160865482500
08Ml2pI,2011-04-30 15:35:14,photo,164887820036,れろ？,162302498564
08Ml2pI,2011-04-30 15:34:58,photo,165015746309,はま,162823457284
08Ml2pI,2011-04-30 15:34:51,photo,165002114820,ue5,160865482500
08Ml2pI,2011-04-30 15:34:28,photo,164745213701,はま,162823457284
08Ml2pI,2011-04-30 15:34:20,photo,164940248836,れろ？,162302498564
08Ml2pI,2011-04-30 15:34:03,photo,164663424773,はま,162823457284
08Ml2pI,2011-04-30 15:33:53,photo,165010503428,ue5,160865482500
08Ml2pI,2011-04-30 15:33:53,photo,164878382852,れろ？,162302498564
08Ml2pI,2011-04-30 15:33:41,photo,165005260548,ue5,160865482500
08Ml2pI,2011-04-30 15:33:35,photo,164854265604,れろ？,162302498564
08Ml2pI,2011-04-30 15:33:29,photo,165001066244,はま,162823457284
08Ml2pI,2011-04-30 15:33:09,photo,164877334276,れろ？,162302498564
08Ml2pI,2011-04-30 15:31:54,photo,164954928900,ue5,160865482500
08Ml2pI,2011-04-30 15:31:37,photo,164974851844,ue5,160865482500
08Ml2pI,2011-04-30 15:31:16,photo,164990580484,れろ？,162302498564
08Ml2pI,2011-04-30 15:30:54,photo,165000017668,れろ？,162302498564
08Ml2pI,2011-04-30 15:30:29,photo,164672861956,ue5,160865482500
08Ml2pI,2011-04-30 15:29:29,photo,164850071300,れろ？,162302498564
08Ml2pI,2011-04-30 15:29:08,photo,164953880324,はま,162823457284
08Ml2pI,2011-04-30 15:28:48,photo,164994774788,はま,162823457284
08Ml2pI,2011-04-30 15:28:38,photo,164818614020,はま,162823457284
08Ml2pI,2011-04-30 15:27:46,photo,164944443140,はま,162823457284
08Ml2pI,2011-04-30 15:27:41,photo,164862654212,ue5,160865482500
08Ml2pI,2011-04-30 15:26:46,photo,164939200260,はま,162823457284
08Ml2pI,2011-04-30 15:26:36,photo,164980094724,ue5,160865482500
08Ml2pI,2011-04-30 15:26:15,photo,164989531908,ue5,160865482500
08Ml2pI,2011-04-30 15:25:48,photo,164920325892,はま,162823457284
08Ml2pI,2011-04-30 15:25:05,photo,164836439812,ue5,160865482500
08Ml2pI,2011-04-30 15:25:04,photo,164694882052,はま,162823457284
08Ml2pI,2011-04-30 15:24:41,photo,164883625732,はま,162823457284
08Ml2pI,2011-04-30 15:24:36,photo,164849022724,ue5,160865482500
08Ml2pI,2011-04-30 15:24:19,photo,164984289028,はま,162823457284
08Ml2pI,2011-04-30 15:24:03,photo,164763039492,ue5,160865482500
08Ml2pI,2011-04-30 15:23:56,photo,164773525252,はま,162823457284
08Ml2pI,2011-04-30 15:23:43,photo,164912985860,はま,162823457284
08Ml2pI,2011-04-30 15:21:47,photo,164969608964,ue5,160865482500
08Ml2pI,2011-04-30 15:21:33,photo,164922423044,ue5,160865482500
08Ml2pI,2011-04-30 15:21:01,photo,164979046148,ue5,160865482500
08Ml2pI,2011-04-30 15:19:57,photo,164861605636,はま,162823457284
08Ml2pI,2011-04-30 15:19:33,photo,164973803268,はま,162823457284
08Ml2pI,2011-04-30 15:19:31,photo,164890965764,ue5,160865482500
08Ml2pI,2011-04-30 15:17:19,photo,164935005956,ue5,160865482500
08Ml2pI,2011-04-30 15:16:11,photo,164860557060,shibu,160134864900
08Ml2pI,2011-04-30 15:15:59,photo,164825954052,shibu,160134864900
08Ml2pI,2011-04-30 15:14:37,photo,164968560388,はま,162823457284
08Ml2pI,2011-04-30 15:14:10,photo,164886771460,はま,162823457284
08Ml2pI,2011-04-30 15:13:59,photo,164964366084,ue5,160865482500
08Ml2pI,2011-04-30 15:13:32,photo,164899354372,ue5,160865482500
08Ml2pI,2011-04-30 15:13:10,photo,164772476676,MaSar,125027251972
08Ml2pI,2011-04-30 15:13:07,photo,164898305796,はま,162823457284
08Ml2pI,2011-04-30 15:12:48,photo,164835391236,はま,162823457284
08Ml2pI,2011-04-30 15:12:17,photo,164885722884,ue5,160865482500
08Ml2pI,2011-04-30 15:11:52,photo,164873139972,ue5,160865482500
08Ml2pI,2011-04-30 15:11:27,photo,164919277316,ue5,160865482500
08Ml2pI,2011-04-30 15:11:11,photo,164876285700,ue5,160865482500
08Ml2pI,2011-04-30 15:10:12,photo,164907742980,ue5,160865482500
08Ml2pI,2011-04-30 15:09:24,photo,164938151684,shibu,160134864900
08Ml2pI,2011-04-30 15:08:29,photo,164963317508,はま,162823457284
08Ml2pI,2011-04-30 15:07:25,photo,164958074628,はま,162823457284
08Ml2pI,2011-04-30 15:07:13,photo,164930811652,はま,162823457284
08Ml2pI,2011-04-30 15:06:23,photo,164761990916,ue5,160865482500
08Ml2pI,2011-04-30 15:03:53,photo,164865799940,はま,162823457284
08Ml2pI,2011-04-30 15:03:39,photo,164952831749,はま,162823457284
08Ml2pI,2011-04-30 15:03:22,photo,164947588868,ue5,160865482500
08Ml2pI,2011-04-30 15:02:47,photo,164942345988,ue5,160865482500
08Ml2pI,2011-04-30 15:02:34,photo,164904597252,ue5,160865482500
08Ml2pI,2011-04-30 15:01:29,photo,164626724612,はま,162823457284
08Ml2pI,2011-04-30 15:01:05,photo,164794496772,はま,162823457284
08Ml2pI,2011-04-30 15:00:31,photo,164778768132,はま,162823457284
08Ml2pI,2011-04-30 15:00:20,photo,164839585540,ue5,160865482500
08Ml2pI,2011-04-30 14:57:33,photo,164859508484,ue5,160865482500
08Ml2pI,2011-04-30 14:56:29,photo,164771428100,ue5,160865482500
08Ml2pI,2011-04-30 14:55:53,photo,164797642500,ue5,160865482500
08Ml2pI,2011-04-30 14:55:18,photo,164929763077,はま,162823457284
08Ml2pI,2011-04-30 14:55:05,photo,164933957380,ue5,160865482500
08Ml2pI,2011-04-30 14:54:19,photo,164903548676,ue5,160865482500
08Ml2pI,2011-04-30 14:53:24,photo,164902500100,はま,162823457284
08Ml2pI,2011-04-30 14:53:20,photo,164804982532,ue5,160865482500
08Ml2pI,2011-04-30 14:53:01,photo,164844828420,はま,162823457284
08Ml2pI,2011-04-30 14:52:31,photo,164901451525,はま,162823457284
08Ml2pI,2011-04-30 14:52:01,photo,164810225412,はま,162823457284
08Ml2pI,2011-04-30 14:51:43,photo,164918228740,はま,162823457284
08Ml2pI,2011-04-30 14:51:43,photo,164937103108,ふくただだ,163306446340
08Ml2pI,2011-04-30 14:51:15,photo,164932908804,はま,162823457284
08Ml2pI,2011-04-30 14:51:14,photo,164928714500,ふくただだ,163306446340
08Ml2pI,2011-04-30 14:50:08,photo,164872091396,ue5,160865482500
08Ml2pI,2011-04-30 14:49:20,photo,164693833476,ue5,160865482500
08Ml2pI,2011-04-30 14:48:24,photo,164931860228,ue5,160865482500
09ZEPva,2011-05-17 12:47:17,photo,174389434372,novr,122920081412
09ZEPva,2011-05-17 12:39:42,photo,174406211588,novr,122920081412
09ZEPva,2011-05-17 11:16:52,photo,174354831364,novr,122920081412
09ZEPva,2011-05-17 11:14:56,photo,174371608580,novr,122920081412
09ZEPva,2011-05-17 10:53:54,photo,174362171396,novr,122920081412
09ZEPva,2011-05-17 10:39:14,photo,174390482948,novr,122920081412
0AcUGhI,2011-04-24 10:18:36,photo,161454417412,yasuzo,136051615236
0AcUGhI,2011-04-24 09:51:12,photo,161249945092,yasuzo,136051615236
0AcUGhI,2011-04-24 09:49:53,photo,161363191300,yasuzo,136051615236
0AcUGhI,2011-04-24 09:35:40,photo,161512089092,yasuzo,136051615236
0AcUGhI,2011-04-24 09:35:13,photo,161524672004,yasuzo,136051615236
0Bd1v3a,2011-05-07 07:39:48,photo,171721869060,Takayuki,124187821828
0Bd1v3a,2011-05-07 07:38:06,photo,171704043268,Takayuki,124187821828
0BL8CIa,2011-04-27 16:44:32,photo,164120794628,Antenna,163944633860
0BL8CIa,2011-04-27 16:44:30,photo,164178466308,XaB,164397177348
0BYXkYY,2011-03-30 03:58:39,photo,129920513540,tkanno,148508620292
0Cgi87e,2011-05-08 16:28:05,photo,172701864196,Marco,166539383044
0Cgi87e,2011-05-08 16:27:42,photo,172538286340,Marco,166539383044
0Cgi87e,2011-05-08 16:26:50,photo,172531994884,Marco,166539383044
0Cgi87e,2011-05-08 16:26:36,photo,172643143940,Marco,166539383044
0Cgi87e,2011-05-08 16:24:50,photo,172524654852,Marco,166539383044
0Cgi87e,2011-05-08 16:24:37,photo,172696621316,Marco,166539383044
0Cgi87e,2011-05-08 16:23:36,photo,172634755332,Marco,166539383044
0Cgi87e,2011-05-08 16:22:26,photo,172691378436,Marco,166539383044
0Cgi87e,2011-05-08 16:21:38,photo,172521509124,Marco,166539383044
0Cgi87e,2011-05-08 16:20:39,photo,172615880964,Marco,166539383044
0Cgi87e,2011-05-08 16:19:55,photo,172554014980,Marco,166539383044
0Cgi87e,2011-05-08 16:19:33,photo,172655726852,Marco,166539383044
0Cgi87e,2011-05-08 16:17:33,photo,172642095364,Marco,166539383044
0Cgi87e,2011-05-08 16:14:58,photo,172433428740,Marco,166539383044
0Cgi87e,2011-05-08 16:07:44,photo,172641046788,Marco,166539383044
0Cgi87e,2011-05-08 16:04:05,photo,172520460548,Marco,166539383044
0CGm4j,2011-03-26 00:52:08,photo,114751683332,shuthang,110925429508
0CKjmuI,2011-04-29 04:40:14,photo,161188527620,クロスケ,156977446404
0CnY5L,2011-04-02 19:11:33,photo,138335941380,Tobias,117133607428
0CnY5L,2011-04-02 19:10:27,photo,138322309892,Stefan,137663624452
0CnY5L,2011-04-02 19:07:16,photo,138507907844,Tobias,117133607428
0CnY5L,2011-04-02 19:06:52,photo,138103157508,Tobias,117133607428
0CnY5L,2011-04-02 18:58:29,photo,138420876036,Tobias,117133607428
0CnY5L,2011-04-02 18:51:56,photo,138419827460,Tobias,117133607428
0CnY5L,2011-04-02 18:51:24,photo,138237375236,Stefan,137663624452
0COoaxI,2011-04-08 18:47:26,photo,148541348612,Zullie,113190705924
0COoaxI,2011-04-08 17:58:50,photo,148456413956,Mischa,121679916036
0COoaxI,2011-04-08 17:45:08,photo,149045713668,Zullie,112925416196
0COoaxI,2011-04-08 17:43:10,photo,148843338500,Zullie,112925416196
0COoaxI,2011-04-08 17:38:41,photo,148680809220,Zullie,112925416196
0COoaxI,2011-04-08 17:31:11,photo,148899961604,Mischa,121679916036
0COoaxI,2011-04-08 17:25:36,photo,148946098948,Zullie,112925416196
0COsNhI,2011-04-04 06:37:12,photo,141856323332,よういち,115049477892
0COsNhI,2011-04-04 06:36:21,photo,142005221124,よういち,115049477892
0COsNhI,2011-04-04 06:34:21,photo,141999978244,よういち,115049477892
0COsNhI,2011-04-04 06:32:44,photo,141979006724,よういち,115049477892
0COsNhI,2011-04-04 06:32:02,photo,141968520964,よういち,115049477892
0cYtTrI,2011-04-28 07:08:24,photo,163811273476,永井一ニ三,158635502340
0d0JdiI,2011-05-05 00:38:22,photo,173097409540,toshiro,119037025284
0d0JdiI,2011-05-05 00:37:33,photo,173170809860,toshiro,119037025284
0d0JdiI,2011-05-05 00:28:14,photo,173050223620,toshiro,119037025284
0d0JdiI,2011-05-05 00:25:58,photo,173096360964,toshiro,119037025284
0d0JdiI,2011-05-05 00:17:30,photo,172892937220,toshiro,119037025284
0d0JdiI,2011-05-05 00:16:19,photo,173169761284,toshiro,119037025284
0d0JdiI,2011-05-05 00:12:36,photo,173130963972,toshiro,119037025284
0DbVT9Y,2011-04-12 18:28:17,photo,152784155396,Rozana,108412716036
0DbVT9Y,2011-04-12 18:10:14,photo,152362627844,Susanne,113927074564
0DbVT9Y,2011-04-12 18:06:43,photo,152670909188,Sebastian,154741309956
0DbVT9Y,2011-04-12 18:06:22,photo,152757940996,Sebastian,154741309956
0DbVT9Y,2011-04-12 17:48:53,photo,152552420100,Sebastian,154741309956
0DbVT9Y,2011-04-12 17:15:37,photo,152731726596,Sebastian,154741309956
0DbVT9Y,2011-04-12 17:14:17,photo,152551371524,Sebastian,154741309956
0DbVT9Y,2011-04-12 17:13:53,photo,152247284484,Sebastian,154741309956
0DbVT9Y,2011-04-12 17:13:12,photo,152421348100,Sebastian,154741309956
0DbVT9Y,2011-04-12 17:12:43,photo,152462242564,Sebastian,154741309956
0DbVT9Y,2011-04-12 17:10:00,photo,152571294468,Susanne,113927074564
0dFVkMI,2011-04-07 10:24:39,photo,145138955524,Jeff Turner,130671752452
0dFVkMI,2011-04-07 10:23:09,photo,145230181636,Jeff Turner,130671752452
0dFVkMI,2011-04-07 10:20:05,video,144960697605,Jeff Turner,130671752452
0dP4zBI,2011-04-08 07:08:55,photo,147474166532,Apel,106937266948
0dP4zBI,2011-04-08 07:07:38,photo,147481506564,Apel,106937266948
0dP4zBI,2011-04-08 07:07:00,photo,147246625540,Apel,106937266948
0dP4zBI,2011-04-08 07:06:21,photo,147417543428,Apel,106937266948
0dP4zBI,2011-04-08 07:05:59,photo,147656618756,Apel,106937266948
0dP4zBI,2011-04-08 07:05:00,photo,147568538372,Apel,106937266948
0dP4zBI,2011-04-08 07:04:34,photo,147486749444,Apel,106937266948
0dP4zBI,2011-04-08 07:02:38,photo,147313734404,Apel,106937266948
0DrAoV,2011-03-24 19:34:24,photo,107901941764,Tom,107901941764
0ehyYFI,2011-05-04 00:03:00,photo,166973696772,うりりん,163458870020
0ehyYFI,2011-05-04 00:02:49,photo,166884567812,うりりん,163458870020
0ehyYFI,2011-05-03 23:59:22,photo,166671706884,うりりん,163458870020
0ehyYFI,2011-05-03 23:59:09,photo,166864644868,うりりん,163458870020
0esthUa,2011-05-31 11:53:21,photo,179305535492,colorthatshit,178848356356
0esthUa,2011-05-31 11:49:57,photo,179296098308,colorthatshit,178848356356
0esthUa,2011-05-31 11:46:18,photo,179304486916,colorthatshit,178848356356
0esthUa,2011-05-31 11:38:22,photo,179316021252,colorthatshit,178848356356
0esthUa,2011-05-31 11:35:40,photo,179320215556,colorthatshit,178848356356
0esthUa,2011-05-31 11:34:28,photo,179319166980,colorthatshit,178848356356
0esthUa,2011-05-31 11:33:29,photo,179309729796,colorthatshit,178848356356
0esthUa,2011-05-31 11:27:48,photo,179335944196,colorthatshit,178848356356
0fbBJVY,2011-04-21 02:19:39,photo,160884316164,Jonathan,148068620292
0fI1RMI,2011-04-16 04:57:30,photo,155898359044,ginza,130939104516
0fI1RMI,2011-04-16 04:57:03,photo,155663478020,ginza,130939104516
0fI1RMI,2011-04-16 04:56:49,photo,155597417732,ginza,130939104516
0fI1RMI,2011-04-16 04:55:27,photo,155893116164,ginza,130939104516
0fI1RMI,2011-04-16 04:52:56,photo,155740024068,ginza,130939104516
0FknVkI,2011-04-01 00:25:47,photo,133305004292,John,112608211204
0FknVkI,2011-04-01 00:25:40,photo,133168689412,Troy,133418250500
0FknVkI,2011-04-01 00:25:24,photo,133621674244,Jake,133449707780
0FknVkI,2011-04-01 00:08:57,photo,133476970756,Troy,133418250500
0FknVkI,2011-04-01 00:08:31,photo,133606994180,Troy,133418250500
0FknVkI,2011-04-01 00:08:16,photo,132818465028,Troy,133418250500
0FknVkI,2011-03-31 23:37:10,photo,133564002564,Jake,133449707780
0FknVkI,2011-03-31 23:33:19,photo,133548273924,Jake,133449707780
0FknVkI,2011-03-31 23:33:09,photo,133503185156,Jake,133449707780
0FknVkI,2011-03-31 23:32:43,photo,133256769796,Jake,133449707780
0FknVkI,2011-03-31 23:28:01,photo,133458096388,Jake,133449707780
0FknVkI,2011-03-31 23:27:52,photo,133235798276,Jake,133449707780
0FknVkI,2011-03-31 23:27:45,photo,133255721220,Troy,133418250500
0FknVkI,2011-03-31 23:26:51,photo,133522059524,Troy,133418250500
0FknVkI,2011-03-31 23:26:36,photo,132823707908,Jake,133449707780
0FknVkI,2011-03-31 23:26:13,photo,133516816644,Troy,133418250500
0FknVkI,2011-03-31 23:26:03,photo,133457047812,Jake,133449707780
0FknVkI,2011-03-31 23:25:50,photo,133461242116,Troy,133418250500
0FknVkI,2011-03-31 23:25:49,photo,133506330884,Jake,133449707780
0FknVkI,2011-03-31 23:25:47,photo,133455999236,John,112608211204
0FknVkI,2011-03-31 23:25:25,photo,132986237188,Troy,133418250500
0FknVkI,2011-03-31 23:25:10,photo,133121503492,Jake,133449707780
0FknVkI,2011-03-31 23:07:40,photo,133315490052,Troy,133418250500
0FknVkI,2011-03-31 23:06:55,photo,133474873604,Jake,133449707780
0FknVkI,2011-03-31 23:06:54,photo,133418250500,Troy,133418250500
0FknVkI,2011-03-31 23:06:24,photo,133314441476,Jake,133449707780
0FknVkI,2011-03-31 23:06:20,photo,133454950660,John,112608211204
0FknVkI,2011-03-31 23:05:51,photo,133164495108,Jake,133449707780
0FknVkI,2011-03-31 23:05:37,photo,133243138308,Jake,133449707780
0FknVkI,2011-03-31 23:05:14,photo,133449707780,Jake,133449707780
0fTfReY,2011-04-05 13:17:32,photo,145365687044,Tatsuya,107354807044
0fTfReY,2011-04-05 13:08:02,photo,145212594948,Tatsuya,107354807044
0fTfReY,2011-04-05 13:06:52,photo,145360444164,Tatsuya,107354807044
0fTfReY,2011-04-05 13:06:39,photo,145356249860,Tatsuya,107354807044
0GLD22Y,2011-04-19 04:26:12,photo,158030329604,yasunori,119550736132
0GLD22Y,2011-04-19 04:25:58,photo,157952734980,yasunori,119550736132
0GLD22Y,2011-04-19 04:16:02,photo,158017746692,yasunori,119550736132
0GOICu,2011-03-28 05:39:04,photo,124908878852,Voltaire,124908878852
0GXMeqI,2011-04-17 10:04:32,photo,157089873156,yoshitake,156326509828
0GXMeqI,2011-04-17 09:06:58,photo,156854992132,yoshitake,156326509828
0HaodRI,2011-04-29 21:23:20,photo,164921819908,Mark,164921819908
0hB778I,2011-04-28 05:46:41,photo,163904225028,Krerkguru,140337479428
0hdwY6I,2011-04-01 15:50:33,photo,136017352708,mo,115538663428
0hdwY6I,2011-04-01 15:50:19,photo,135918786564,mo,115538663428
0HHfZHI,2011-04-10 21:08:21,photo,151106482436,Sandr,152518914308
0HHfZHI,2011-04-10 20:45:46,photo,151069782276,Sandr,152518914308
0HHfZHI,2011-04-10 20:15:26,photo,151006867716,Sandr,152518914308
0HHfZHI,2011-04-10 20:09:42,photo,150813929732,Sandr,152518914308
0HHfZHI,2011-04-10 20:07:14,photo,150758355204,Maaike,129414513924
0HHfZHI,2011-04-10 20:05:17,photo,150554931460,Sandr,152518914308
0ibnANI,2011-04-19 13:08:46,photo,161779387908,hara,161905217028
0ibnANI,2011-04-19 13:03:20,photo,161949257220,hara,161905217028
0ibnANI,2011-04-19 13:02:53,photo,161834962436,uchino,0
0ibnANI,2011-04-19 13:01:31,photo,161841253892,uchino,0
0ibnANI,2011-04-19 12:59:41,photo,161722764804,hara,161905217028
0iILGjY,2011-04-06 10:16:10,photo,145852790276,Bibear,111788750340
0IRCjkI,2011-03-30 23:50:22,photo,132270215941,panda_protocol(Twitter),110399017732
0iXzGQ,2011-03-31 20:07:21,photo,133301431300,Justin,117541881348
0iXzGQ,2011-03-31 20:02:06,photo,133286751237,Justin,117541881348
0iXzGQ,2011-03-31 19:54:43,photo,133265779716,Justin,117541881348
0iXzGQ,2011-03-31 19:52:26,photo,133234322436,Justin,117541881348
0iXzGQ,2011-03-31 19:48:59,photo,133256342532,Tyler,110899653636
0iXzGQ,2011-03-31 19:41:42,photo,133140999172,Tyler,110899653636
0iXzGQ,2011-03-31 19:41:20,photo,133220690948,Tyler,110899653636
0iXzGQ,2011-03-31 19:27:59,photo,132802309124,Tyler,110899653636
0iXzGQ,2011-03-31 19:27:45,photo,132915555332,Tyler,110899653636
0iXzGQ,2011-03-31 19:22:04,photo,133074938884,Tyler,110899653636
0iXzGQ,2011-03-31 19:21:44,photo,132743588868,Tyler,110899653636
0iXzGQ,2011-03-31 19:21:20,photo,132919749636,Tyler,110899653636
0iXzGQ,2011-03-31 19:19:33,photo,133238516740,Tyler,110899653636
0iXzGQ,2011-03-31 19:19:24,photo,133155679236,Tyler,110899653636
0iXzGQ,2011-03-31 19:19:08,photo,133203913732,Tyler,110899653636
0iXzGQ,2011-03-31 19:18:12,photo,133233273860,Tyler,110899653636
0iXzGQ,2011-03-31 19:18:03,photo,133228030980,Tyler,110899653636
0iXzGQ,2011-03-31 19:17:50,photo,133069696004,Tyler,110899653636
0iXzGQ,2011-03-31 19:17:30,photo,133222788100,Tyler,110899653636
0iXzGQ,2011-03-31 19:16:43,photo,133218593796,Tyler,110899653636
0iXzGQ,2011-03-31 19:16:30,photo,132760366084,Tyler,110899653636
0iXzGQ,2011-03-31 19:15:56,photo,133202865156,Tyler,110899653636
0iXzGQ,2011-03-31 19:15:46,photo,133062355972,Tyler,110899653636
0iXzGQ,2011-03-31 19:15:03,photo,133078084612,Tyler,110899653636
0iXzGQ,2011-03-31 19:14:54,photo,133217545220,Tyler,110899653636
0iXzGQ,2011-03-31 19:14:35,photo,132634536964,Tyler,110899653636
0iXzGQ,2011-03-31 19:13:59,photo,133042433028,Tyler,110899653636
0iXzGQ,2011-03-31 19:13:31,photo,133212302340,Tyler,110899653636
0iXzGQ,2011-03-31 19:12:29,photo,133201816580,Tyler,110899653636
0iXzGQ,2011-03-31 19:12:14,photo,133196573700,Tyler,110899653636
0iXzGQ,2011-03-31 19:11:54,photo,133191330820,Tyler,110899653636
0iXzGQ,2011-03-31 19:11:25,photo,133083327492,Tyler,110899653636
0iXzGQ,2011-03-31 19:11:09,photo,133186087940,Tyler,110899653636
0iXzGQ,2011-03-31 19:10:55,photo,133108493316,Tyler,110899653636
0jFsRce,2011-05-22 16:37:28,photo,176406222852,colorthatshit,178848356356
0jFsRce,2011-05-22 16:29:53,photo,176436631556,colorthatshit,178848356356
0jFsRce,2011-05-22 16:28:58,photo,176447117316,colorthatshit,178848356356
0jFsRce,2011-05-22 16:25:30,photo,176461797380,colorthatshit,178848356356
0jFsRce,2011-05-22 15:56:01,photo,176421951492,colorthatshit,178848356356
0jFsRce,2011-05-22 15:51:26,photo,176395737092,colorthatshit,178848356356
0jFsRce,2011-05-22 15:46:09,photo,176370571268,colorthatshit,178848356356
0jFsRce,2011-05-22 15:40:58,photo,176432437252,colorthatshit,178848356356
0jFsRce,2011-05-22 15:40:15,photo,176435582980,colorthatshit,178848356356
0jFsRce,2011-05-22 15:34:49,photo,176369522692,colorthatshit,178848356356
0jGEUmI,2011-04-08 22:52:43,photo,146647958532,Gennady,110265517060
0jTJ8EY,2011-08-18 01:24:14,photo,200372476420,ohira,188983359492
0jTJ8EY,2011-08-17 22:57:32,photo,200357796356,ohira,188983359492
0jTJ8EY,2011-08-17 22:23:54,photo,200338921988,Nicholas,191086393092
0jTJ8EY,2011-08-17 22:22:19,photo,200314804740,ohira,188983359492
0jTJ8EY,2011-08-17 21:48:31,photo,200343116292,ohira,188983359492
0jTJ8EY,2011-08-17 21:48:06,photo,200317950468,ohira,188983359492
0jTJ8EY,2011-08-17 21:47:19,photo,200352553476,ohira,188983359492
0jTJ8EY,2011-08-17 21:46:41,photo,200313756164,ohira,188983359492
0jTJ8EY,2011-08-17 21:46:39,photo,200337873412,Andre,173403101700
0jTJ8EY,2011-08-17 21:46:14,photo,200347310596,ohira,188983359492
0jTJ8EY,2011-08-17 21:45:36,photo,200316901892,Andre,173403101700
0jTJ8EY,2011-08-17 21:45:36,photo,200304318980,ohira,188983359492
0jTJ8EY,2011-08-17 21:44:48,photo,200333679108,Andre,173403101700
0jTJ8EY,2011-08-17 21:44:29,photo,200293833220,Andre,173403101700
0jTJ8EY,2011-08-17 21:44:25,photo,200292784644,ohira,188983359492
0jTJ8EY,2011-08-17 21:43:27,photo,200266570244,ohira,188983359492
0jTJ8EY,2011-08-17 21:35:59,photo,200342067716,Jessica,157356794116
0jTJ8EY,2011-08-17 21:31:29,photo,200336824836,Andre,173403101700
0jTJ8EY,2011-08-17 21:29:21,photo,200302221828,ohira,188983359492
0jTJ8EY,2011-08-17 21:27:27,photo,200309561860,Andre,173403101700
0JtsROe,2011-05-14 05:56:25,photo,169662912772,Jun,148700829956
0jWfkJe,2011-05-22 10:02:37,photo,174284272388,minami,177101180676
0jWfkJe,2011-05-22 10:02:23,photo,174305243908,warorin,158179690500
0jWfkJe,2011-05-22 10:01:45,photo,174338798340,ktsujichan,151178900228
0jWfkJe,2011-05-22 09:59:48,photo,174344041220,minami,177101180676
0jWfkJe,2011-05-22 09:59:29,photo,174334604036,Shuho,113080320260
0JYYIrI,2011-04-03 08:13:38,photo,140298532356,ベーコン,136541484548
0JYYIrI,2011-04-03 07:55:26,photo,140463158788,ベーコン,136541484548
0JYYIrI,2011-04-03 06:28:34,photo,140024854020,ベーコン,136541484548
0KrCfEI,2011-04-03 04:53:33,photo,139404295172,mac,137948482052
0KrCfEI,2011-04-03 04:09:03,photo,138700700676,dadatada,132414487556
0KrCfEI,2011-04-03 04:08:21,photo,138736352260,dadatada,132414487556
0KrCfEI,2011-04-03 04:07:18,photo,138779343876,dadatada,132414487556
0KrCfEI,2011-04-03 04:06:37,photo,138679729156,dadatada,132414487556
0KrCfEI,2011-04-03 04:05:48,photo,138921950212,dadatada,132414487556
0KrCfEI,2011-04-03 04:02:25,photo,138778295300,hotsmile,139406732036
0KrCfEI,2011-04-03 04:01:56,photo,138907270148,hotsmile,139406732036
0KrCfEI,2011-04-03 03:59:37,photo,138911464452,dadatada,132414487556
0KrCfEI,2011-04-03 03:56:28,photo,138627300356,mac,137948482052
0KrCfEI,2011-04-03 03:50:06,photo,138885250052,mac,137948482052
0KrCfEI,2011-04-03 03:48:01,photo,138874764292,mac,137948482052
0KrCfEI,2011-04-03 03:47:47,photo,138688117764,mac,137948482052
0KrCfEI,2011-04-03 03:47:18,photo,138869521412,mac,137948482052
0KrCfEI,2011-04-03 03:45:07,photo,138605280260,mac,137948482052
0KrCfEI,2011-04-03 03:44:31,photo,138352573444,dadatada,132414487556
0KrCfEI,2011-04-03 03:32:14,photo,138646174724,dadatada,132414487556
0KrCfEI,2011-04-03 03:31:29,photo,138657709060,wanomin,138662765572
0KrCfEI,2011-04-03 03:31:15,photo,138843307012,dadatada,132414487556
0KrCfEI,2011-04-03 03:31:05,photo,138563337220,83T,139713517828
0KrCfEI,2011-04-03 03:30:29,photo,138838064132,83T,139713517828
0KrCfEI,2011-04-03 03:29:20,photo,138827578372,dadatada,132414487556
0KrCfEI,2011-04-03 03:29:06,photo,138735303684,83T,139713517828
0KrCfEI,2011-04-03 03:28:47,photo,137977183236,83T,139713517828
0KrCfEI,2011-04-03 03:28:33,photo,138640931844,83T,139713517828
0KrCfEI,2011-04-03 03:28:09,photo,138822335492,dadatada,132414487556
0KrCfEI,2011-04-03 03:26:08,photo,138562288644,83T,139713517828
0KrCfEI,2011-04-03 03:25:20,photo,138794023940,wanomin,138662765572
0KrCfEI,2011-04-03 03:25:17,photo,138715380740,mac,137948482052
0KrCfEI,2011-04-03 03:25:03,photo,138864278532,mac,137948482052
0KrCfEI,2011-04-03 03:24:39,photo,138580114436,mac,137948482052
0KrCfEI,2011-04-03 03:24:19,photo,138530831364,wanomin,138662765572
0KrCfEI,2011-04-03 03:20:50,photo,138630446084,mac,137948482052
0KrCfEI,2011-04-03 03:19:21,photo,138585357316,dadatada,132414487556
0KrCfEI,2011-04-03 03:17:12,photo,138709089284,dadatada,132414487556
0llk2qI,2011-04-28 17:24:23,photo,163363625220,Derrick,163363625220
0Lz7Dj,2011-03-25 19:48:54,photo,113815300356,Stephen,113723025668
0Lz7Dj,2011-03-25 19:41:26,photo,113692616964,Stephen,113723025668
0MG9k3,2011-03-28 21:53:44,photo,126146621956,Rodrigo Cunha,126146621956
0mLEeYY,2011-04-01 19:17:40,photo,134009667076,Dragos,134009667076
0MPWiv,2011-03-26 03:11:45,photo,115591110660,Go,115591110660
0MQWCqe,2011-06-18 13:03:07,photo,185391470596,colorthatshit,178848356356
0mUBf8a,2011-04-29 13:43:59,photo,160893302020,Umar Farooq,163204888580
0mUBf8a,2011-04-29 13:41:42,photo,161105114372,Lucy,160265204996
0mUBf8a,2011-04-29 13:39:52,photo,161070511364,Lucy,160265204996
0mUBf8a,2011-04-29 13:36:04,photo,161099871492,Umar Farooq,163204888580
0mUBf8a,2011-04-29 13:32:12,photo,161094628612,Umar Farooq,163204888580
0mUBf8a,2011-04-29 13:26:02,photo,161080997124,Umar Farooq,163204888580
0mUBf8a,2011-04-29 13:20:13,photo,161018082564,Lucy,160265204996
0mUBf8a,2011-04-29 13:01:23,photo,160970896644,Lucy,160265204996
0mUBf8a,2011-04-29 12:37:32,photo,160906933508,Umar Farooq,163204888580
0mUBf8a,2011-04-29 12:35:05,photo,160913224964,Lucy,160265204996
0mUBf8a,2011-04-29 12:33:33,photo,160938390788,Umar Farooq,163204888580
0mUBf8a,2011-04-29 12:31:23,photo,161053734148,Lucy,160265204996
0mUBf8a,2011-04-29 12:28:34,photo,160996062468,Umar Farooq,163204888580
0mUBf8a,2011-04-29 12:20:56,photo,161043248388,Umar Farooq,163204888580
0mUBf8a,2011-04-29 12:18:21,photo,161068414212,Umar Farooq,163204888580
0mUBf8a,2011-04-29 12:15:29,photo,161003402500,Umar Farooq,163204888580
0mUBf8a,2011-04-29 12:07:48,photo,160892253444,Lucy,160265204996
0mUBf8a,2011-04-29 11:59:30,photo,160960410884,Lucy,160265204996
0mUBf8a,2011-04-29 11:35:30,photo,161057928452,Lucy,160265204996
0mUBf8a,2011-04-29 11:34:00,photo,161032762628,Lucy,160265204996
0mUBf8a,2011-04-29 11:26:53,photo,161047442692,Lucy,160265204996
0mUBf8a,2011-04-29 11:12:50,photo,161011791108,Lucy,160265204996
0mUBf8a,2011-04-29 10:45:35,photo,161017033988,Lucy,160265204996
0mUBf8a,2011-04-29 10:43:38,photo,160935245060,Lucy,160265204996
0mUBf8a,2011-04-29 10:32:58,photo,161026471172,Lucy,160265204996
0mUBf8a,2011-04-29 10:15:38,photo,161015985412,Umar Farooq,163204888580
0mUBf8a,2011-04-29 10:12:00,photo,160901690628,Lucy,160265204996
0mUBf8a,2011-04-29 10:10:32,photo,160993965316,Lucy,160265204996
0mUBf8a,2011-04-29 10:10:12,photo,160925807876,Lucy,160265204996
0mUBf8a,2011-04-29 09:46:40,photo,160990819588,Lucy,160265204996
0mUBf8a,2011-04-29 09:30:57,photo,160989771012,Lucy,160265204996
0mUBf8a,2011-04-29 09:29:33,photo,160917419268,Umar Farooq,163204888580
0mwoMEI,2011-04-10 12:28:47,photo,150648527108,Taizo,142293473540
0nAWHHI,2011-04-12 13:00:22,photo,152181235716,Yayoi,111022530564
0NSmace,2011-05-07 01:36:42,photo,171506227716,Andre,173403101700
0NSmace,2011-05-07 01:28:25,photo,171460090372,Andre,173403101700
0NSmace,2011-05-07 01:07:31,photo,171481061892,Andre,173403101700
0NSmace,2011-05-07 00:59:02,photo,171377252868,Loren,171585857796
0NSmace,2011-05-07 00:57:53,photo,171433875972,Nitin,163887194372
0NSmace,2011-05-07 00:57:18,photo,171474770436,Nitin,163887194372
0NSmace,2011-05-07 00:57:15,photo,171440167428,Andre,173403101700
0NSmace,2011-05-07 00:57:13,photo,171469527556,Peter,137956450564
0NSmace,2011-05-07 00:56:53,photo,171464284676,Andre,173403101700
0NSmace,2011-05-07 00:55:30,photo,171459041796,Andre,173403101700
0NSmace,2011-05-07 00:55:20,photo,171453798916,Andre,173403101700
0NSmace,2011-05-07 00:54:27,photo,171360475652,Andre,173403101700
0NSmace,2011-05-07 00:53:43,photo,171439118852,Andre,173403101700
0ObkAkY,2011-04-03 07:42:44,photo,140176047876,MS,115007078148
0P6OwVI,2011-04-10 23:58:28,photo,153396137732,Satoshi Namai,152621240068
0pD1ABI,2011-04-12 23:16:59,photo,155077450756,Keisuke,155095276548
0pd7bGY,2011-04-07 03:29:37,photo,144853118468,Brad,146241204484
0pd7bGY,2011-04-07 03:29:24,photo,144811175428,Noah,105723263492
0pd7bGY,2011-04-07 03:25:50,photo,144712609284,Brad,146241204484
0pd7bGY,2011-04-07 03:22:22,photo,144786009604,Brad,146241204484
0pd7bGY,2011-04-07 03:21:31,photo,144857312772,Amos,113382206980
0pd7bGY,2011-04-07 03:21:27,photo,144744066564,Brad,146241204484
0pd7bGY,2011-04-07 03:21:07,photo,144852069892,Brad,146241204484
0pd7bGY,2011-04-07 03:10:34,photo,144048860676,Noah,105723263492
0Q0XM2e,2011-08-02 04:48:25,photo,189401934596,dzun,160850258692
0R69q5Y,2011-07-16 19:46:01,photo,187913794564,vince,104869944324
0R69q5Y,2011-07-16 19:36:07,photo,187946300420,vince,104869944324
0R69q5Y,2011-07-16 19:31:50,photo,187954689028,vince,104869944324
0R69q5Y,2011-07-16 19:31:01,photo,187934766084,vince,104869944324
0R69q5Y,2011-07-16 19:30:41,photo,187945251844,vince,104869944324
0R69q5Y,2011-07-16 19:30:11,photo,187949446148,vince,104869944324
0R69q5Y,2011-07-16 19:11:58,photo,187944203268,vince,104869944324
0R69q5Y,2011-07-16 19:04:17,photo,187894920196,vince,104869944324
0R69q5Y,2011-07-16 19:03:35,photo,187893871620,vince,104869944324
0R69q5Y,2011-07-16 19:03:15,photo,187941057540,vince,104869944324
0R69q5Y,2011-07-16 19:03:02,photo,187953640452,vince,104869944324
0R69q5Y,2011-07-16 18:35:57,photo,187948397572,vince,104869944324
0R69q5Y,2011-07-16 18:33:50,photo,187929523204,vince,104869944324
0R69q5Y,2011-07-16 18:33:09,photo,187943154692,vince,104869944324
0R69q5Y,2011-07-16 17:34:50,photo,187873948676,Marcello,110864953348
0R69q5Y,2011-07-16 17:13:36,photo,187832005636,vince,104869944324
0R69q5Y,2011-07-16 14:38:23,photo,187859268612,vince,104869944324
0R69q5Y,2011-07-16 14:19:49,photo,187854025732,vince,104869944324
0R69q5Y,2011-07-16 14:16:34,photo,187819422724,vince,104869944324
0R69q5Y,2011-07-16 13:57:01,photo,187850880004,vince,104869944324
0R69q5Y,2011-07-16 13:17:51,photo,187823617029,vince,104869944324
0R69q5Y,2011-07-16 13:10:36,photo,187843539972,vince,104869944324
0R69q5Y,2011-07-16 13:09:10,photo,187808936964,vince,104869944324
0R69q5Y,2011-07-16 13:08:54,photo,187838297092,vince,104869944324
0R69q5Y,2011-07-16 13:06:46,photo,187833054212,vince,104869944324
0R69q5Y,2011-07-16 12:14:56,photo,187827811333,Lindsey,173454436612
0R69q5Y,2011-07-16 12:13:21,photo,187790062596,vince,104869944324
0R69q5Y,2011-07-16 12:13:02,photo,187789014020,vince,104869944324
0R69q5Y,2011-07-16 12:09:37,photo,187822568452,vince,104869944324
0R69q5Y,2011-07-16 12:01:55,photo,187818374148,vince,104869944324
0R69q5Y,2011-07-16 12:01:33,photo,187800548356,vince,104869944324
0R69q5Y,2011-07-16 12:01:14,photo,187817325572,vince,104869944324
0R69q5Y,2011-07-16 11:56:40,photo,187784819717,Lindsey,173454436612
0R69q5Y,2011-07-16 11:03:16,photo,187737633796,Jessica,157356794116
0R69q5Y,2011-07-16 11:01:49,photo,187721905157,Jessica,157356794116
0R69q5Y,2011-07-16 10:58:18,photo,187794256900,vince,104869944324
0R69q5Y,2011-07-16 10:29:51,photo,187802645508,vince,104869944324
0R69q5Y,2011-07-16 10:29:18,photo,187736585220,vince,104869944324
0R69q5Y,2011-07-16 10:26:52,photo,187793208324,vince,104869944324
0R69q5Y,2011-07-16 10:20:21,photo,187769091077,Jessica,157356794116
0R69q5Y,2011-07-16 10:20:04,photo,187772236805,Jessica,157356794116
0R69q5Y,2011-07-16 10:19:33,photo,187782722565,Bill,191108881156
0R69q5Y,2011-07-16 10:19:29,photo,187786916869,Darren,144670449668
0R69q5Y,2011-07-16 10:18:56,photo,187781673988,vince,104869944324
0R69q5Y,2011-07-16 10:18:55,photo,187796354053,Darren,144670449668
0R69q5Y,2011-07-16 10:18:49,photo,187768042501,Jessica,157356794116
0R69q5Y,2011-07-16 10:17:50,photo,187761751044,Bill,191108881156
0R69q5Y,2011-07-16 10:16:40,photo,187748119556,Jessica,157356794116
0R69q5Y,2011-07-16 10:16:33,photo,187747070981,Bill,191108881156
0R69q5Y,2011-07-16 10:16:10,photo,187777479685,Jessica,157356794116
0R69q5Y,2011-07-16 10:16:07,photo,187746022405,Lindsey,173454436612
0R69q5Y,2011-07-16 10:11:14,photo,187756508164,Jessica,157356794116
0R69q5Y,2011-07-16 10:09:57,photo,187780625412,vince,104869944324
0R69q5Y,2011-07-16 10:09:17,photo,187771188228,vince,104869944324
0R69q5Y,2011-07-16 10:09:17,photo,187720856580,Jessica,157356794116
0R69q5Y,2011-07-16 10:09:01,photo,187766993924,Jessica,157356794116
0R69q5Y,2011-07-16 09:58:31,photo,187753362436,Jessica,157356794116
0R69q5Y,2011-07-16 09:50:31,photo,187764896772,Jessica,157356794116
0R69q5Y,2011-07-16 09:50:19,photo,187732390916,Jessica,157356794116
0R69q5Y,2011-07-16 09:50:10,photo,187731342340,vince,104869944324
0R69q5Y,2011-07-16 09:49:52,photo,187752313860,vince,104869944324
0R69q5Y,2011-07-16 09:49:13,photo,187700933636,vince,104869944324
0R69q5Y,2011-07-16 09:48:46,photo,187727148036,vince,104869944324
0R69q5Y,2011-07-16 09:47:51,photo,187755459588,Lindsey,173454436612
0R69q5Y,2011-07-16 09:47:40,photo,187734488068,Jessica,157356794116
0R69q5Y,2011-07-16 09:41:10,photo,187730293764,Tris,104891495428
0R69q5Y,2011-07-16 09:28:52,photo,187729245188,Ganesh,179938757380
0R69q5Y,2011-07-16 08:56:15,photo,187759653892,Madeline,187020550916
0R69q5Y,2011-07-16 08:54:19,photo,187719808004,Madeline,187020550916
0R69q5Y,2011-07-16 08:52:59,photo,187750216708,Madeline,187020550916
0R69q5Y,2011-07-16 08:45:26,photo,187754411012,Jessica,157356794116
0R69q5Y,2011-07-16 08:38:55,photo,187739730948,Jessica,157356794116
0R69q5Y,2011-07-16 08:30:44,photo,187711419396,Jessica,157356794116
0R69q5Y,2011-07-16 08:29:42,photo,187669476356,Jessica,157356794116
0R69q5Y,2011-07-16 08:29:01,photo,187724002308,Leyan,147085036548
0R69q5Y,2011-07-16 08:28:10,photo,187689399300,Suzanne,110759036164
0R69q5Y,2011-07-16 08:21:14,photo,187694642180,Santosh,178737838852
0R69q5Y,2011-07-16 08:21:03,photo,187658990596,Madeline,187020550916
0R69q5Y,2011-07-16 08:20:59,photo,187657942020,Santosh,178737838852
0R69q5Y,2011-07-16 08:20:45,photo,187693593604,Santosh,178737838852
0R69q5Y,2011-07-16 08:19:57,photo,187672622084,Ganesh,179938757380
0R69q5Y,2011-07-16 08:19:45,photo,187701982212,Lindsey,173454436612
0R69q5Y,2011-07-16 08:19:17,photo,187653747716,Lindsey,173454436612
0R69q5Y,2011-07-16 08:14:36,photo,187687302148,vince,104869944324
0R69q5Y,2011-07-16 08:10:54,photo,187627533316,Jessica,157356794116
0R69q5Y,2011-07-16 08:00:58,photo,187652699140,Tris,104891495428
0R69q5Y,2011-07-16 07:56:24,photo,187651650564,Tris,104891495428
0R69q5Y,2011-07-16 07:50:23,photo,187675767812,Amanda,105400054788
0R69q5Y,2011-07-16 07:45:30,photo,187648504836,Stephen,186017854980
0R69q5Y,2011-07-16 07:29:43,photo,187650601988,Bill,191108881156
0R69q5Y,2011-07-16 07:29:08,photo,187671573508,Bill,191108881156
0R69q5Y,2011-07-16 07:27:09,photo,187626484740,Jessica,157356794116
0R69q5Y,2011-07-16 07:25:37,photo,187670524932,Madeline,187020550916
0R69q5Y,2011-07-16 07:22:13,photo,187661087748,Nick,138475756548
0R69q5Y,2011-07-16 06:48:48,photo,187632776196,Hong,185009784836
0R69q5Y,2011-07-16 06:47:49,photo,187647456260,Hong,185009784836
0R69q5Y,2011-07-16 06:44:51,photo,187641164804,Hong,185009784836
0R69q5Y,2011-07-16 06:43:33,photo,187654796292,Hong,185009784836
0R69q5Y,2011-07-16 06:42:52,photo,187645359108,Tris,104891495428
0R69q5Y,2011-07-16 06:38:35,photo,187625436164,Bill,191108881156
0R69q5Y,2011-07-16 06:36:13,photo,187636970500,Nick,138475756548
0R69q5Y,2011-07-16 06:34:48,photo,187646407685,Bill,191108881156
0R69q5Y,2011-07-16 06:32:51,photo,187611804677,Raphael,167494848772
0R69q5Y,2011-07-16 06:32:16,photo,187640116228,Bill,191108881156
0R69q5Y,2011-07-16 06:31:46,photo,187617047556,Bill,191108881156
0R69q5Y,2011-07-16 06:25:49,photo,187634873348,Andre,173403101700
0R69q5Y,2011-07-16 06:25:33,photo,187590833156,Andre,173403101700
0R69q5Y,2011-07-16 06:25:08,photo,187629630468,Andre,173403101700
0R69q5Y,2011-07-16 06:24:25,photo,187621241861,Sally,105052976132
0R69q5Y,2011-07-16 06:23:43,photo,187620193284,vince,104869944324
0R69q5Y,2011-07-16 06:23:10,photo,187624387588,vince,104869944324
0R69q5Y,2011-07-16 06:22:52,photo,187630679045,Sally,105052976132
0R69q5Y,2011-07-16 06:21:52,photo,187579298821,Sally,105052976132
0R69q5Y,2011-07-16 06:19:16,photo,187589784580,Jessica,157356794116
0R69q5Y,2011-07-16 06:18:14,photo,187596076036,Andre,173403101700
0R69q5Y,2011-07-16 06:16:11,photo,187619144708,Jessica,157356794116
0R69q5Y,2011-07-16 06:14:54,photo,187606561797,Marcello,110864953348
0R69q5Y,2011-07-16 06:12:08,photo,187618096132,Noah,137098507268
0R69q5Y,2011-07-16 06:08:26,photo,187609707524,Marcello,110864953348
0R69q5Y,2011-07-16 06:03:46,photo,187614950404,Nikos,105444809476
0R69q5Y,2011-07-16 06:02:08,photo,187613901828,Andre,173403101700
0R69q5Y,2011-07-16 05:52:23,photo,187569861636,Ganesh,179938757380
0R69q5Y,2011-07-16 05:52:18,photo,187603416068,vince,104869944324
0R69q5Y,2011-07-16 05:50:59,photo,187612853252,Amanda,105400054788
0R69q5Y,2011-07-16 05:47:22,photo,187607610372,Jessica,157356794116
0R69q5Y,2011-07-16 05:47:11,photo,187602367492,Nick,138475756548
0R69q5Y,2011-07-16 05:46:45,photo,187597124612,Jessica,157356794116
0R69q5Y,2011-07-16 05:46:34,photo,187506947076,Jessica,157356794116
0R69q5Y,2011-07-16 05:45:31,photo,187554132996,Jessica,157356794116
0R69q5Y,2011-07-16 05:41:34,photo,187564618756,Jessica,157356794116
0R69q5Y,2011-07-16 05:40:22,photo,187595027460,Nick,138475756548
0R69q5Y,2011-07-16 05:39:27,photo,187583493124,Amanda,105400054788
0R69q5Y,2011-07-16 05:30:42,photo,187553084420,Jessica,157356794116
0R69q5Y,2011-07-16 05:23:03,photo,187533161476,Leyan,147085036548
0R69q5Y,2011-07-16 05:17:43,photo,187591881732,vince,104869944324
0R69q5Y,2011-07-16 05:07:11,photo,187571958788,Andre,173403101700
0R69q5Y,2011-07-16 05:06:04,photo,187581395972,vince,104869944324
0R69q5Y,2011-07-16 05:04:38,photo,187577201668,vince,104869944324
0R69q5Y,2011-07-16 04:52:30,photo,187556230148,Lindsey,173454436612
0R69q5Y,2011-07-16 04:38:59,photo,187555181572,Jessica,157356794116
0R69q5Y,2011-07-16 04:36:14,photo,187527918596,Bill,191108881156
0R69q5Y,2011-07-16 04:35:23,photo,187549938692,Lindsey,173454436612
0R69q5Y,2011-07-16 04:34:16,photo,187545744388,Amanda,105400054788
0R69q5Y,2011-07-16 04:31:58,photo,187501704196,Amanda,105400054788
0R69q5Y,2011-07-16 04:31:18,photo,187537355780,Jessica,157356794116
0R69q5Y,2011-07-16 04:30:54,photo,187541550084,Jessica,157356794116
0R69q5Y,2011-07-16 04:28:17,photo,187531064324,Brian,133810888708
0R69q5Y,2011-07-16 04:26:32,photo,187504849924,vince,104869944324
0R69q5Y,2011-07-16 04:26:18,photo,187540501508,vince,104869944324
0R69q5Y,2011-07-16 04:23:25,photo,187544695812,Andre,173403101700
0R69q5Y,2011-07-16 04:23:01,photo,187512189956,Andre,173403101700
0R69q5Y,2011-07-16 04:16:10,photo,187539452932,Jessica,157356794116
0R69q5Y,2011-07-16 04:14:30,photo,187535258628,Amanda,105400054788
0R69q5Y,2011-07-16 04:12:52,photo,187530015748,Jessica,157356794116
0R69q5Y,2011-07-16 04:07:54,photo,187470246916,vince,104869944324
0R69q5Y,2011-07-16 04:05:54,photo,187517432836,vince,104869944324
0R69q5Y,2011-07-16 04:05:34,photo,187516384260,vince,104869944324
0R69q5Y,2011-07-16 03:58:25,photo,187511141380,Wes,123948729092
0R69q5Y,2011-07-16 03:53:31,photo,187496461316,Stefan,105560808196
0R69q5Y,2011-07-16 03:47:24,photo,187463955460,Jessica,157356794116
0R69q5Y,2011-07-16 03:42:19,photo,187523724292,Jessica,157356794116
0R69q5Y,2011-07-16 03:41:01,photo,187410478084,Amanda,105400054788
0R69q5Y,2011-07-16 03:40:33,photo,187513238532,matt hunter,136086579460
0R69q5Y,2011-07-16 03:39:33,photo,187491218436,vince,104869944324
0R69q5Y,2011-07-16 03:39:19,photo,187490169860,vince,104869944324
0R69q5Y,2011-07-16 03:38:56,photo,187494364164,vince,104869944324
0R69q5Y,2011-07-16 03:38:38,photo,187514287108,vince,104869944324
0R69q5Y,2011-07-16 03:38:23,photo,187411526660,vince,104869944324
0R69q5Y,2011-07-16 03:38:12,photo,187518481412,vince,104869944324
0R69q5Y,2011-07-16 03:34:28,photo,187509044228,Nikos,105444809476
0R69q5Y,2011-07-16 03:27:29,photo,187499607044,Manolis,0
0R69q5Y,2011-07-16 03:26:55,photo,187493315588,Nikos,105444809476
0R69q5Y,2011-07-16 03:21:42,photo,187507995652,Stefan,105560808196
0R69q5Y,2011-07-16 03:19:50,photo,187498558468,vince,104869944324
0R69q5Y,2011-07-16 03:13:13,photo,187489121284,vince,104869944324
0R69q5Y,2011-07-16 03:12:58,photo,187458712580,Linda,177186867716
0R69q5Y,2011-07-16 03:12:33,photo,187503801348,vince,104869944324
0R69q5Y,2011-07-16 03:12:30,photo,187502752772,Jessica,157356794116
0R69q5Y,2011-07-16 03:12:29,photo,187485975556,Chiah,181559040260
0R69q5Y,2011-07-16 03:12:20,photo,187475489796,vince,104869944324
0R69q5Y,2011-07-16 03:12:07,photo,187497509892,Jessica,157356794116
0R69q5Y,2011-07-16 03:11:53,photo,187488072708,Jessica,157356794116
0R69q5Y,2011-07-16 03:06:20,photo,187474441220,Lindsey,173454436612
0R69q5Y,2011-07-16 03:04:48,photo,187462906884,Lindsey,173454436612
0R69q5Y,2011-07-16 03:04:46,photo,187492267012,Chiah,181559040260
0R69q5Y,2011-07-16 03:04:21,photo,187407332356,Wes,123948729092
0R69q5Y,2011-07-16 03:04:05,photo,187479684100,Wes,123948729092
0R69q5Y,2011-07-16 03:02:30,photo,187478635524,Jessica,157356794116
0R69q5Y,2011-07-16 03:01:10,photo,187405235204,Jessica,157356794116
0R69q5Y,2011-07-16 03:00:29,photo,187473392644,Wes,123948729092
0R69q5Y,2011-07-16 03:00:29,photo,187482829828,Jessica,157356794116
0R69q5Y,2011-07-16 02:59:58,photo,187428303876,Wes,123948729092
0R69q5Y,2011-07-16 02:59:57,photo,187406283780,Jessica,157356794116
0R69q5Y,2011-07-16 02:59:15,photo,187472344068,Jessica,157356794116
0R69q5Y,2011-07-16 02:59:03,photo,187476538372,Tris,104891495428
0R69q5Y,2011-07-16 02:58:47,photo,187457664004,Chiah,181559040260
0R69q5Y,2011-07-16 02:58:25,photo,187422012420,Tris,104891495428
0R69q5Y,2011-07-16 02:56:46,photo,187442983940,Jessica,104870992900
0R69q5Y,2011-07-16 02:54:34,photo,187456615429,Jessica,104870992900
0R69q5Y,2011-07-16 02:52:21,photo,187449275396,Andre,173403101700
0R69q5Y,2011-07-16 02:47:42,photo,187431449604,Andre,173403101700
0R69q5Y,2011-07-16 02:44:50,photo,187455566852,Bill,191108881156
0R69q5Y,2011-07-16 02:42:07,photo,187452421124,Raphael,167494848772
0R69q5Y,2011-07-16 02:20:18,photo,187420963844,Bill,191108881156
0R69q5Y,2011-07-16 02:20:14,photo,187439838212,Pat,105674436356
0R69q5Y,2011-07-16 02:18:11,photo,187435643908,vince,104869944324
0R69q5Y,2011-07-16 02:17:41,photo,187434595332,vince,104869944324
0R69q5Y,2011-07-16 02:13:53,photo,187344417796,Raphael,167494848772
0R69q5Y,2011-07-16 02:11:55,photo,187354903556,Full House Casino,187553750532
0R69q5Y,2011-07-16 02:11:13,photo,187374826500,Darren,144670449668
0R69q5Y,2011-07-16 02:10:05,photo,187390555140,Raphael,167494848772
0R69q5Y,2011-07-16 02:07:55,photo,187394749444,Andre,173403101700
0R69q5Y,2011-07-16 02:07:30,photo,187398943748,Bill,191108881156
0R69q5Y,2011-07-16 02:07:08,photo,187342320644,Pat,105674436356
0R69q5Y,2011-07-16 02:06:54,photo,187393700868,Nikos,105444809476
0R69q5Y,2011-07-16 02:06:23,photo,187388457988,Andre,173403101700
0R69q5Y,2011-07-16 02:05:57,photo,187341272068,Tris,104891495428
0R69q5Y,2011-07-16 02:04:52,photo,187353854980,Darren,144670449668
0R69q5Y,2011-07-16 02:04:24,photo,187397895172,Darren,144670449668
0R69q5Y,2011-07-16 02:04:02,photo,187339174916,Darren,144670449668
0R69q5Y,2011-07-16 02:03:44,photo,187370632196,Darren,144670449668
0R69q5Y,2011-07-16 01:59:22,photo,187385312260,Tris,104891495428
0R69q5Y,2011-07-16 01:57:49,photo,187338126340,vince,104869944324
0R69q5Y,2011-07-16 01:56:33,photo,187368535044,Darren,144670449668
0R69q5Y,2011-07-16 01:56:11,photo,187387409412,Bill,191108881156
0R69q5Y,2011-07-16 01:54:43,photo,187384263684,Bill,191108881156
0R69q5Y,2011-07-16 01:54:42,photo,187360146436,Jessica,104870992900
0R69q5Y,2011-07-16 01:54:35,photo,187359097860,Full House Casino,187553750532
0R69q5Y,2011-07-16 01:49:25,photo,187372729348,Sally,105052976132
0R69q5Y,2011-07-16 01:47:07,photo,187383215108,Jessica,104870992900
0R69q5Y,2011-07-16 01:46:06,photo,187328689156,Ganesh,179938757380
0R69q5Y,2011-07-16 01:46:06,photo,187337077764,Jessica,104870992900
0R69q5Y,2011-07-16 01:42:15,photo,187379020804,Adam,188121325060
0R69q5Y,2011-07-16 01:42:12,photo,187348612100,Song,186104628484
0R69q5Y,2011-07-16 01:41:17,photo,187376923652,Song,186104628484
0R69q5Y,2011-07-16 01:34:39,photo,187357000708,Dylan,113928398340
0R69q5Y,2011-07-16 01:31:41,photo,187366437892,Lindsey,173454436612
0R69q5Y,2011-07-16 01:28:21,photo,187352806404,Nick,138475756548
0R69q5Y,2011-07-16 01:27:21,photo,187364340740,Megan,185941135620
0R69q5Y,2011-07-16 01:23:34,photo,187323446276,Andre,173403101700
0R69q5Y,2011-07-16 01:22:56,photo,187336029188,Andre,173403101700
0R69q5Y,2011-07-16 01:22:43,photo,187332883460,Jessica,104870992900
0R69q5Y,2011-07-16 01:22:21,photo,187363292164,Andre,173403101700
0R69q5Y,2011-07-16 01:21:59,photo,187331834884,Jessica,104870992900
0R69q5Y,2011-07-16 01:21:57,photo,187265774596,Andre,173403101700
0R69q5Y,2011-07-16 01:21:05,photo,187362243588,Jessica,104870992900
0R69q5Y,2011-07-16 01:20:42,photo,187326592004,Ganesh,179938757380
0R69q5Y,2011-07-16 01:19:55,photo,187361195012,Jessica,104870992900
0R69q5Y,2011-07-16 01:19:09,photo,187318203396,Lindsey,173454436612
0R69q5Y,2011-07-16 01:10:52,photo,187346514948,Megan,185941135620
0R69q5Y,2011-07-16 01:09:31,photo,187350709252,Darren,144670449668
0R69q5Y,2011-07-16 01:09:02,photo,187255288836,Darren,144670449668
0R69q5Y,2011-07-16 01:00:58,photo,187330786308,Lindsey,173454436612
0R69q5Y,2011-07-16 01:00:42,photo,187312960516,vince,104869944324
0R69q5Y,2011-07-16 00:59:29,photo,187321349124,Lindsey,173454436612
0R69q5Y,2011-07-16 00:59:07,photo,187324494852,Lindsey,173454436612
0R69q5Y,2011-07-16 00:58:38,photo,187281503237,Marcello,110864953348
0R69q5Y,2011-07-16 00:57:30,photo,187307717636,Lindsey,173454436612
0R69q5Y,2011-07-16 00:56:20,photo,187334980612,vince,104869944324
0R69q5Y,2011-07-16 00:55:58,photo,187329737732,vince,104869944324
0R69q5Y,2011-07-16 00:55:44,photo,187322397700,vince,104869944324
0R69q5Y,2011-07-16 00:55:22,photo,187319251972,vince,104869944324
0R69q5Y,2011-07-16 00:53:44,photo,187253191684,Bill,191108881156
0R69q5Y,2011-07-16 00:53:29,photo,187314009092,Bill,191108881156
0R69q5Y,2011-07-16 00:51:13,photo,187305620484,Megan,185941135620
0R69q5Y,2011-07-16 00:49:51,photo,187309814788,Bill,191108881156
0R69q5Y,2011-07-16 00:49:38,photo,187252143108,Bill,191108881156
0R69q5Y,2011-07-16 00:49:21,photo,187308766212,Bill,191108881156
0R69q5Y,2011-07-16 00:49:07,photo,187285697540,Bill,191108881156
0R69q5Y,2011-07-16 00:48:32,photo,187304571908,Bill,191108881156
0R69q5Y,2011-07-16 00:48:19,photo,187276260356,Bill,191108881156
0R69q5Y,2011-07-16 00:47:45,photo,187263677444,Bill,191108881156
0R69q5Y,2011-07-16 00:47:33,photo,187284648964,Bill,191108881156
0R69q5Y,2011-07-16 00:47:18,photo,187280454660,Bill,191108881156
0R69q5Y,2011-07-16 00:26:07,photo,187289891844,Andre,173403101700
0R69q5Y,2011-07-16 00:25:28,photo,187283600388,Andre,173403101700
0R69q5Y,2011-07-16 00:18:14,photo,187247948804,Bill,191108881156
0R69q5Y,2011-07-15 23:53:46,photo,187273114628,Sally,105052976132
0R69q5Y,2011-07-15 23:52:38,photo,187277308932,Megan,185941135620
0R69q5Y,2011-07-15 23:50:57,photo,187160916996,Megan,185941135620
0R69q5Y,2011-07-15 23:50:02,photo,187261580292,Tris,104891495428
0R69q5Y,2011-07-15 23:49:32,photo,187234317316,Nicholas,163192216836
0R69q5Y,2011-07-15 23:47:48,photo,187242705924,Sally,105052976132
0R69q5Y,2011-07-15 23:43:22,photo,187201811460,John,104932389892
0R69q5Y,2011-07-15 23:43:04,photo,187256337412,Sally,105052976132
0R69q5Y,2011-07-15 23:21:31,photo,187241657348,Bill,191108881156
0R69q5Y,2011-07-15 23:02:50,photo,187251094532,Sally,105052976132
0R69q5Y,2011-07-15 22:28:06,photo,187228025860,Sally,105052976132
0S1jRC,2011-03-29 12:33:51,photo,129289562116,Anna,129296902148
0S1jRC,2011-03-29 12:31:55,photo,129437411332,Anna,129296902148
0S1jRC,2011-03-29 12:26:55,photo,128925706244,Anna,129296902148
0S1jRC,2011-03-29 12:26:23,photo,129375545348,Anna,129296902148
0S1jRC,2011-03-29 12:18:22,photo,129210918916,Егор,129000155140
0S1jRC,2011-03-29 12:17:28,photo,129360865284,Егор,129000155140
0S1jRC,2011-03-29 12:10:24,photo,129241327620,Eugene,129323116548
0S1jRC,2011-03-29 12:09:05,photo,129400711172,Eugene,129323116548
0S1jRC,2011-03-29 12:09:02,photo,128885860356,Rita,129349330948
0S1jRC,2011-03-29 12:04:47,photo,129371351044,Eugene,129323116548
0S1jRC,2011-03-29 12:04:03,photo,129323116548,Eugene,129323116548
0S1jRC,2011-03-29 12:03:15,photo,129142761476,Anna,129296902148
0S1jRC,2011-03-29 12:01:05,photo,129174218756,Rita,129349330948
0S1jRC,2011-03-29 12:01:01,photo,129048389636,Anna,129296902148
0S1jRC,2011-03-29 12:00:38,photo,129334650884,Егор,129000155140
0S1jRC,2011-03-29 12:00:02,photo,129349330948,Rita,129349330948
0S1jRC,2011-03-29 11:58:07,photo,129379739652,Anna,129296902148
0S1jRC,2011-03-29 11:57:44,photo,129296902148,Anna,129296902148
0S3idX,2011-03-27 23:41:04,photo,124641331460,Keenan,137480096004
0TKYWLa,2011-05-19 03:56:44,photo,175072774660,Pachi,108610882052
0TKYWLa,2011-05-19 03:54:08,photo,175038171652,Shinichiro,111569963524
0TKYWLa,2011-05-19 03:46:59,photo,175078017540,Pachi,108610882052
0tubY2Y,2011-04-15 12:12:03,video,159839849477,Masanori,112062532612
0tubY2Y,2011-04-15 12:08:02,video,160108284933,Masanori,112062532612
0Tvphg,2011-03-30 03:56:01,photo,129666970884,Melody,129528558852
0Tvphg,2011-03-30 03:55:16,photo,129528558852,Melody,129528558852
0UCGLPI,2011-04-24 17:49:32,photo,166615587844,Pien,135023041540
0UCGLPI,2011-04-24 17:49:02,photo,166497098756,Pien,135023041540
0V6uBce,2011-08-06 18:24:35,photo,193534040836,rodrigo,193513069316
0VwYSqY,2011-04-14 09:00:22,photo,153189724676,Catrain,153189724676
0wn9eGY,2011-04-02 03:31:02,photo,135980754436,somafire,108944270852
0XZ8PSI,2011-04-02 12:01:09,photo,138498523652,Mel,138607575556
0XZ8PSI,2011-04-02 12:00:16,photo,138483843588,Mel,138607575556
0XZ8PSI,2011-04-02 11:57:27,photo,138441900548,Mel,138607575556
0XZ8PSI,2011-04-02 11:56:42,photo,138529980932,Mel,138607575556
0yjoa2Y,2011-04-17 04:41:16,photo,157388470788,Takashi,114904840964
0ykCOaa,2011-07-17 00:39:05,photo,190006827780,Raphael,167494848772
0ykCOaa,2011-07-17 00:37:38,photo,190026750724,vince,104869944324
0ykCOaa,2011-07-17 00:36:04,photo,189997390596,vince,104869944324
0ykCOaa,2011-07-17 00:34:50,photo,190041430789,Jessica,104870992900
0ykCOaa,2011-07-17 00:21:02,photo,190021507844,vince,104869944324
0ykCOaa,2011-07-17 00:03:00,photo,189944961796,Andre,173403101700
0ykCOaa,2011-07-17 00:00:48,photo,190029896452,vince,104869944324
0ykCOaa,2011-07-17 00:00:45,photo,190017313540,Jessica,157356794116
0ykCOaa,2011-07-16 23:51:01,photo,189981661956,Andre,173403101700
0ykCOaa,2011-07-16 23:50:26,photo,189980613380,vince,104869944324
0ykCOaa,2011-07-16 23:42:35,photo,190005779204,vince,104869944324
0ykCOaa,2011-07-16 23:36:57,photo,190016264964,vince,104869944324
0ykCOaa,2011-07-16 23:36:36,photo,189943913220,Andre,173403101700
0ykCOaa,2011-07-16 23:34:12,photo,190009973508,vince,104869944324
0ykCOaa,2011-07-16 23:34:06,photo,189975370500,Andre,173403101700
0ykCOaa,2011-07-16 23:33:37,photo,190015216388,Andre,173403101700
0ykCOaa,2011-07-16 23:28:42,photo,189994244868,vince,104869944324
0ykCOaa,2011-07-16 23:27:11,photo,190004730628,Andre,173403101700
0ykCOaa,2011-07-16 23:25:45,photo,190024653572,Andre,173403101700
0ykCOaa,2011-07-16 23:25:10,photo,190019410692,Andre,173403101700
0ykCOaa,2011-07-16 23:25:03,photo,190014167812,vince,104869944324
0ykCOaa,2011-07-16 23:24:04,photo,189986904836,Andre,173403101700
0ykCOaa,2011-07-16 23:23:05,photo,189950204676,Andre,173403101700
0ykCOaa,2011-07-16 23:23:04,photo,190008924932,vince,104869944324
0ykCOaa,2011-07-16 23:22:50,photo,190003682052,Andre,173403101700
0ykCOaa,2011-07-16 23:22:19,photo,189998439172,vince,104869944324
0ykCOaa,2011-07-16 23:21:52,photo,189985856260,Nick,138475756548
0ykCOaa,2011-07-16 23:21:16,photo,189942864644,Andre,173403101700
0ykCOaa,2011-07-16 23:21:01,photo,189974321924,Andre,173403101700
0ykCOaa,2011-07-16 23:20:17,photo,189984807684,Andre,173403101700
0ykCOaa,2011-07-16 23:19:56,photo,189955447556,Andre,173403101700
0ykCOaa,2011-07-16 23:19:33,photo,189965933316,Andre,173403101700
0ykCOaa,2011-07-16 22:55:10,photo,189954398980,Suzanne,110759036164
0ykCOaa,2011-07-16 22:35:29,photo,189983759108,vince,104869944324
0ykCOaa,2011-07-16 22:33:19,photo,189979564804,vince,104869944324
0ykCOaa,2011-07-16 21:22:45,photo,189922941700,Bill,104916661252
0ykCOaa,2011-07-16 21:09:51,photo,189938670340,Bill,104916661252
0ykCOaa,2011-07-16 21:08:57,photo,189927136004,Jessica,157356794116
0ykCOaa,2011-07-16 20:59:29,photo,189917698820,Amanda,105400054788
0ykCOaa,2011-07-16 20:56:56,photo,189959641860,Andre,173403101700
0ykCOaa,2011-07-16 20:56:26,photo,189921893124,Andre,173403101700
0ykCOaa,2011-07-16 20:56:25,photo,189969079044,Suzanne,110759036164
0ykCOaa,2011-07-16 20:56:08,photo,189932378884,Suzanne,110759036164
0ykCOaa,2011-07-16 20:54:07,photo,189958593284,Andre,173403101700
0ykCOaa,2011-07-16 20:53:52,photo,189937621764,Andre,173403101700
0ykCOaa,2011-07-16 20:49:35,photo,189941816068,Chiah,181559040260
0ykCOaa,2011-07-16 20:47:49,photo,189952301828,Suzanne,110759036164
0ykCOaa,2011-07-16 20:42:16,photo,189931330308,Andre,173403101700
0ykCOaa,2011-07-16 20:41:54,photo,189961739012,Ganesh,179938757380
0ykCOaa,2011-07-16 20:41:25,photo,189956496132,Chiah,181559040260
0ykCOaa,2011-07-16 20:40:53,photo,189951253252,Andre,173403101700
0ykCOaa,2011-07-16 20:36:54,photo,189946010372,Suzanne,110759036164
0ykCOaa,2011-07-16 20:36:18,photo,189908261636,Suzanne,110759036164
0ykCOaa,2011-07-16 20:31:49,photo,189892532997,Amanda,105400054788
0ykCOaa,2011-07-16 20:08:03,photo,189891484420,vince,104869944324
0ykCOaa,2011-07-16 20:07:48,photo,189850589957,Amanda,105400054788
0ykCOaa,2011-07-16 20:02:46,photo,189930281732,vince,104869944324
0ykCOaa,2011-07-16 20:02:07,photo,189913504516,Andre,173403101700
0ykCOaa,2011-07-16 20:01:34,photo,189907213060,Andre,173403101700
0ykCOaa,2011-07-16 20:01:20,photo,189926087428,Andre,173403101700
0ykCOaa,2011-07-16 20:01:17,photo,189849541380,Nick,138475756548
0ykCOaa,2011-07-16 20:00:57,photo,189925038852,Andre,173403101700
0ykCOaa,2011-07-16 19:59:31,photo,189890435844,Andre,173403101700
0ykCOaa,2011-07-16 19:59:14,photo,189897775876,Andre,173403101700
0ykCOaa,2011-07-16 19:58:34,photo,189919795972,Andre,173403101700
0ykCOaa,2011-07-16 19:58:18,photo,189912455940,Andre,173403101700
0ykCOaa,2011-07-16 19:57:59,photo,189903018756,Andre,173403101700
0ykCOaa,2011-07-16 19:57:46,photo,189914553092,Andre,173403101700
0ykCOaa,2011-07-16 19:57:30,photo,189887290116,Andre,173403101700
0ykCOaa,2011-07-16 19:57:06,photo,189869464324,Andre,173403101700
0ykCOaa,2011-07-16 19:56:53,photo,189886241540,Andre,173403101700
0ykCOaa,2011-07-16 19:55:51,photo,189906164484,Andre,173403101700
0ykCOaa,2011-07-16 19:55:32,photo,189905115908,Andre,173403101700
0ykCOaa,2011-07-16 19:55:18,photo,189889387268,Andre,173403101700
0ykCOaa,2011-07-16 19:55:00,photo,189901970180,Andre,173403101700
0ykCOaa,2011-07-16 19:54:53,photo,189900921604,Chiah,181559040260
0ykCOaa,2011-07-16 19:29:28,photo,189911407364,Bill,104916661252
0YQaflI,2011-04-09 02:32:52,photo,149374730244,Andrea,149374730244
0ZoGH4a,2011-05-18 04:04:47,photo,171255479556,5,169685761284
0ZoGH4a,2011-05-18 04:00:01,photo,171225070852,5,169685761284
0ZuylDY,2011-04-18 03:59:50,photo,157153147908,adam,136202599428
103JoSI,2011-04-02 16:21:11,photo,136963302660,Sam,105715640068
11Li5MY,2011-08-11 02:30:43,photo,191418031620,masaki,136198970884
11NbaMI,2011-04-06 00:00:02,photo,144153924868,Sean,144153924868
12IxW5I,2011-04-23 04:11:44,photo,162697824004,Takayuki,124187821828
12Jp2zI,2011-04-22 04:13:11,photo,162656751876,fumy231,162192232708
12Uv2B,2011-03-26 01:35:00,photo,115583090692,Edgar,105516761092
12Uv2B,2011-03-26 01:32:32,photo,115573653508,Edgar,105516761092
12Uv2B,2011-03-26 01:31:22,photo,115733037060,Edgar,105516761092
12Uv2B,2011-03-26 01:31:06,photo,115201409028,Edgar,105516761092
12yYAGY,2011-04-29 00:14:08,photo,164355497220,Damien,110126292228
12yYAGY,2011-04-29 00:09:05,photo,164334525700,Damien,110126292228
13jGPva,2011-05-30 04:30:16,photo,176930272260,kenta,165133792260
148LELY,2011-06-10 19:35:12,photo,182998620164,colorthatshit,178848356356
156TAJI,2011-04-09 20:06:42,photo,148061826052,Wayne Schulz,115360934916
156TAJI,2011-04-09 19:45:13,photo,148123692036,Jennifer,149772427780
156TAJI,2011-04-09 19:44:58,photo,148118449156,Jennifer,149772427780
156TAJI,2011-04-09 19:44:38,photo,148103769092,Jennifer,149772427780
156TAJI,2011-04-09 19:43:33,photo,148025125892,Wayne Schulz,115360934916
156TAJI,2011-04-09 19:43:09,photo,148113206276,Wayne Schulz,115360934916
156TAJI,2011-04-09 19:32:01,photo,148046097412,Wayne Schulz,115360934916
156TAJI,2011-04-09 19:17:12,photo,147960114180,Wayne Schulz,115360934916
156TAJI,2011-04-09 19:16:57,photo,147910831108,Wayne Schulz,115360934916
156TAJI,2011-04-09 19:09:46,photo,147962211332,Wayne Schulz,115360934916
156TAJI,2011-04-09 19:07:41,photo,147973745668,Wayne Schulz,115360934916
156TAJI,2011-04-09 19:05:38,photo,147884616708,Wayne Schulz,115360934916
156TAJI,2011-04-09 19:05:27,photo,147880422404,Wayne Schulz,115360934916
156TAJI,2011-04-09 18:57:22,photo,147927608324,Jennifer,149772427780
156TAJI,2011-04-09 18:56:48,photo,147673852932,Jennifer,149772427780
156TAJI,2011-04-09 18:49:05,photo,147775564804,Wayne Schulz,115360934916
156TAJI,2011-04-09 18:40:05,photo,148055534596,Jennifer,149772427780
156TAJI,2011-04-09 18:39:08,photo,148050291716,Wayne Schulz,115360934916
156TAJI,2011-04-09 18:38:47,photo,148039805956,Wayne Schulz,115360934916
156TAJI,2011-04-09 18:38:46,photo,148020931588,Jennifer,149772427780
156TAJI,2011-04-09 18:37:12,photo,147425340420,Jennifer,149772427780
156TAJI,2011-04-09 18:36:25,photo,147304754180,Jennifer,149772427780
156TAJI,2011-04-09 18:35:03,photo,147765079044,Jennifer,149772427780
156TAJI,2011-04-09 18:34:25,photo,147989474308,Wayne Schulz,115360934916
156TAJI,2011-04-09 18:34:12,photo,147797584900,Wayne Schulz,115360934916
156TAJI,2011-04-09 18:32:38,photo,148029320196,Wayne Schulz,115360934916
156TAJI,2011-04-09 18:32:25,photo,148024077316,Wayne Schulz,115360934916
156TAJI,2011-04-09 18:28:58,photo,147822750724,Wayne Schulz,115360934916
156TAJI,2011-04-09 18:28:08,photo,147833236484,Wayne Schulz,115360934916
156TAJI,2011-04-09 18:27:34,photo,147592064004,Wayne Schulz,115360934916
156TAJI,2011-04-09 18:26:51,photo,148004154372,Wayne Schulz,115360934916
156TAJI,2011-04-09 18:06:17,photo,147682241540,Wayne Schulz,115360934916
156TAJI,2011-04-09 17:58:01,photo,147926559748,Jennifer,149772427780
156TAJI,2011-04-09 17:57:03,photo,147805973508,Jennifer,149772427780
156TAJI,2011-04-09 17:56:44,photo,147749350404,Wayne Schulz,115360934916
156TAJI,2011-04-09 17:55:31,photo,147971648516,Wayne Schulz,115360934916
156TAJI,2011-04-09 17:54:28,photo,147855256580,Jennifer,149772427780
156TAJI,2011-04-09 17:54:03,photo,147753544708,Jennifer,149772427780
156TAJI,2011-04-09 17:53:43,photo,147879373828,Wayne Schulz,115360934916
156TAJI,2011-04-09 17:53:27,photo,147848965124,Jennifer,149772427780
156TAJI,2011-04-09 17:53:08,photo,147760884740,Wayne Schulz,115360934916
156TAJI,2011-04-09 17:52:49,photo,147896151044,Wayne Schulz,115360934916
156TAJI,2011-04-09 17:51:35,photo,147409611780,Wayne Schulz,115360934916
156TAJI,2011-04-09 17:30:46,photo,147602549764,Jennifer,149772427780
156TAJI,2011-04-09 17:21:17,photo,147847916548,Jennifer,149772427780
156TAJI,2011-04-09 17:20:08,photo,147905588228,Wayne Schulz,115360934916
156TAJI,2011-04-09 17:18:34,photo,147297414148,Jennifer,149772427780
156TAJI,2011-04-09 17:14:23,photo,147919219716,Jennifer,149772427780
156TAJI,2011-04-09 17:02:17,photo,147711601668,Wayne Schulz,115360934916
156TAJI,2011-04-09 17:01:47,photo,147404368900,Wayne Schulz,115360934916
156TAJI,2011-04-09 17:01:30,photo,147539635204,Wayne Schulz,115360934916
156TAJI,2011-04-09 16:59:27,photo,147722087428,Wayne Schulz,115360934916
156TAJI,2011-04-09 16:57:35,photo,147748301828,Jennifer,149772427780
156TAJI,2011-04-09 16:56:15,photo,147903491076,Jennifer,149772427780
156TAJI,2011-04-09 16:55:10,photo,147721038852,Jennifer,149772427780
156TAJI,2011-04-09 16:54:28,photo,147863645188,Wayne Schulz,115360934916
156TAJI,2011-04-09 16:53:16,photo,147883568132,Jennifer,149772427780
156TAJI,2011-04-09 16:52:05,photo,147800730628,Wayne Schulz,115360934916
156TAJI,2011-04-09 16:50:29,photo,147556412420,Jennifer,149772427780
156TAJI,2011-04-09 16:45:39,photo,147397028868,Jennifer,149772427780
156TAJI,2011-04-09 16:45:02,photo,147790244868,Wayne Schulz,115360934916
156TAJI,2011-04-09 16:41:24,photo,147799682052,Wayne Schulz,115360934916
156TAJI,2011-04-09 16:40:40,photo,147882519556,Wayne Schulz,115360934916
156TAJI,2011-04-09 16:38:52,photo,147877276676,Wayne Schulz,115360934916
156TAJI,2011-04-09 16:37:07,photo,147831139332,Jennifer,149772427780
156TAJI,2011-04-09 16:37:01,photo,147872033796,Wayne Schulz,115360934916
156TAJI,2011-04-09 16:36:03,photo,147737816068,Wayne Schulz,115360934916
15f2bIY,2011-04-23 09:50:05,photo,161046981892,Mahito,152475921668
16xGo5I,2011-04-03 09:58:01,photo,139872990980,학봉이,116391180036
16xGo5I,2011-04-03 09:57:06,photo,139649644292,학봉이,116391180036
16xGo5I,2011-04-03 09:56:19,photo,139893962500,학봉이,116391180036
17rTe6a,2011-07-21 17:52:00,photo,185910826756,Zarpio,185909778180
17sG56e,2011-05-28 04:13:00,photo,176550754052,kanon12,151357667076
183wssY,2011-04-03 20:15:54,photo,140405473540,Javier,139260428548
18Guv5Y,2011-08-12 02:54:26,photo,200451266564,tsuneaki,140098377732
18Guv5Y,2011-08-12 02:46:36,photo,200489015300,tsuneaki,140098377732
18Guv5Y,2011-08-12 02:46:15,photo,200459655172,tsuneaki,140098377732
18Guv5Y,2011-08-12 01:51:03,photo,200448120836,tsuneaki,140098377732
18Guv5Y,2011-08-12 01:47:44,photo,200473286660,tsuneaki,140098377732
18Guv5Y,2011-08-12 01:12:39,photo,200457558020,tsuneaki,140098377732
18Guv5Y,2011-08-12 01:07:47,photo,200442877956,tsuneaki,140098377732
18Guv5Y,2011-08-12 01:07:37,photo,200452315140,tsuneaki,140098377732
18vnAm,2011-04-01 21:26:03,photo,135908152836,Wolfgang,135908152836
18vnAm,2011-04-01 21:24:05,photo,135830558212,Miles,0
1AnDyPa,2011-08-21 03:17:58,photo,188964746756,changsu,107276482052
1APu0sY,2011-04-29 03:02:12,photo,166914148100,Takayuki,124187821828
1AUr7wI,2011-04-11 00:19:27,photo,151300566276,Dmitry,151300566276
1B0G3cY,2011-04-06 18:21:12,photo,146232152068,Tammy,139190964228
1BOFoeY,2011-04-16 15:27:10,photo,156347178244,tono,139633893636
1BOFoeY,2011-04-16 15:18:08,photo,155602689284,kalapattar,141000837636
1BOFoeY,2011-04-16 15:14:06,photo,156388072708,deg,121643506948
1BOFoeY,2011-04-16 15:13:48,photo,156208766212,deg,121643506948
1BOFoeY,2011-04-16 15:13:28,photo,156422675716,kalapattar,141000837636
1BOFoeY,2011-04-16 14:10:34,photo,156346129668,deg,121643506948
1bZxuMY,2011-05-10 04:09:55,photo,173877677572,vince,104869944324
1bZxuMY,2011-05-10 04:09:31,photo,173772819972,vince,104869944324
1bZxuMY,2011-05-10 04:04:26,photo,173784354308,vince,104869944324
1bZxuMY,2011-05-10 04:02:28,photo,173814763012,vince,104869944324
1bZxuMY,2011-05-10 03:58:59,photo,173851463172,vince,104869944324
1bZxuMY,2011-05-10 03:55:13,photo,173856706052,vince,104869944324
1bZxuMY,2011-05-10 03:50:24,photo,173861948932,vince,104869944324
1bZxuMY,2011-05-10 03:48:50,photo,173868240388,vince,104869944324
1bZxuMY,2011-05-10 03:48:15,photo,173871386117,Jessica,104870992900
1bZxuMY,2011-05-10 03:42:41,photo,173781208580,vince,104869944324
1bZxuMY,2011-05-10 03:40:31,photo,173867191812,vince,104869944324
1bZxuMY,2011-05-10 03:36:17,photo,173793791492,vince,104869944324
1bZxuMY,2011-05-10 03:32:54,photo,173866143236,vince,104869944324
1bZxuMY,2011-05-10 03:32:18,photo,173805325828,vince,104869944324
1bZxuMY,2011-05-10 03:29:56,photo,173739265540,vince,104869944324
1bZxuMY,2011-05-10 03:20:07,photo,173860900356,vince,104869944324
1bZxuMY,2011-05-10 03:16:38,photo,173789597188,vince,104869944324
1bZxuMY,2011-05-10 03:16:00,photo,173845171716,vince,104869944324
1bZxuMY,2011-05-10 03:15:22,photo,173664816644,vince,104869944324
1bZxuMY,2011-05-10 03:13:05,photo,173783305732,vince,104869944324
1bZxuMY,2011-05-10 03:12:38,photo,173839928836,vince,104869944324
1bZxuMY,2011-05-10 03:12:06,photo,173829443076,vince,104869944324
1bZxuMY,2011-05-10 03:10:52,photo,173713051140,vince,104869944324
1bZxuMY,2011-05-10 03:10:02,photo,173780160004,vince,104869944324
1bZxuMY,2011-05-10 03:07:26,photo,173788548612,vince,104869944324
1bZxuMY,2011-05-10 03:05:09,photo,173718294020,vince,104869944324
1bZxuMY,2011-05-10 03:04:06,photo,173824200196,vince,104869944324
1bZxuMY,2011-05-10 03:03:20,photo,173674253828,vince,104869944324
1C6GNbI,2011-04-01 20:32:21,photo,137784643076,Brynn,116313054212
1C6GNbI,2011-04-01 20:32:09,photo,137693416964,DJ,105058219012
1C6GNbI,2011-04-01 20:32:00,photo,137445953028,vince,104869944324
1C6GNbI,2011-04-01 20:31:05,photo,137677688324,vince,104869944324
1C6GNbI,2011-04-01 20:29:54,photo,137440710148,DJ,105058219012
1C6GNbI,2011-04-01 20:28:08,photo,137509916164,Brynn,116313054212
1C6GNbI,2011-04-01 20:13:53,photo,137613725188,Brynn,116313054212
1C6GNbI,2011-04-01 20:04:53,photo,137649376772,Brynn,116313054212
1C6GNbI,2011-04-01 20:02:48,photo,137570733572,Noah,137098507268
1C6GNbI,2011-04-01 19:51:45,photo,137549762052,vince,104869944324
1C6GNbI,2011-04-01 19:51:20,photo,137451195908,Peter,157581112836
1C6GNbI,2011-04-01 19:50:44,photo,137685028356,vince,104869944324
1C6GNbI,2011-04-01 19:50:42,photo,137690271236,DJ,105058219012
1C6GNbI,2011-04-01 19:50:09,photo,137679785476,Noah,137098507268
1C6GNbI,2011-04-01 19:49:41,photo,137638891012,vince,104869944324
1C6GNbI,2011-04-01 19:47:08,photo,137596947972,Peter,157581112836
1C6GNbI,2011-04-01 19:41:50,photo,137632599556,vince,104869944324
1C6GNbI,2011-04-01 19:41:46,photo,137602190852,Peter,157581112836
1C6GNbI,2011-04-01 19:41:14,photo,137439661572,Noah,137098507268
1C6GNbI,2011-04-01 19:40:39,photo,137627356676,vince,104869944324
1cyQKKI,2011-04-02 04:34:18,photo,139865039620,Madeline,108272034564
1cyQKKI,2011-04-02 04:33:24,photo,139909079812,Madeline,108272034564
1cyQKKI,2011-04-02 04:32:17,photo,140044346116,Madeline,108272034564
1cyQKKI,2011-04-02 04:32:12,photo,140029666052,Tony,105694573060
1cyQKKI,2011-04-02 04:31:47,photo,139629110020,Madeline,108272034564
1cyQKKI,2011-04-02 04:29:53,photo,139978285828,Madeline,108272034564
1cyQKKI,2011-04-02 04:29:28,photo,140033860356,Tony,105694573060
1cyQKKI,2011-04-02 04:26:40,photo,139994014468,Madeline,108272034564
1cyQKKI,2011-04-02 04:22:43,photo,139946828548,Madeline,108272034564
1cyQKKI,2011-04-02 04:21:16,video,139641692933,Megan,104879961092
1cyQKKI,2011-04-02 04:20:58,photo,139503280900,Seanmichael,121782545156
1cyQKKI,2011-04-02 04:19:10,video,140002403077,Megan,104879961092
1cyQKKI,2011-04-02 04:18:56,photo,139701461764,Madeline,108272034564
1cyQKKI,2011-04-02 04:17:38,photo,139957314308,Tony,105694573060
1cyQKKI,2011-04-02 04:16:21,photo,139945779972,LeviathanArt,138253278212
1cyQKKI,2011-04-02 04:16:10,photo,139841970948,LeviathanArt,138253278212
1cyQKKI,2011-04-02 04:15:49,photo,139844068100,Megan,104879961092
1cyQKKI,2011-04-02 04:15:36,photo,139997160196,Megan,104879961092
1cyQKKI,2011-04-02 04:15:17,photo,139977237252,Tony,105694573060
1cyQKKI,2011-04-02 04:15:15,video,139831485189,Megan,104879961092
1cyQKKI,2011-04-02 04:14:59,photo,139857699588,Tony,105694573060
1cyQKKI,2011-04-02 04:14:41,photo,139830436612,Megan,104879961092
1cyQKKI,2011-04-02 03:53:19,photo,139840922372,Seanmichael,121782545156
1cyQKKI,2011-04-02 03:52:28,photo,139581924100,Tony,105694573060
1cyQKKI,2011-04-02 03:52:04,photo,139918516996,Seanmichael,121782545156
1cyQKKI,2011-04-02 03:51:38,photo,139652178692,Tony,105694573060
1cyQKKI,2011-04-02 03:49:56,photo,139575632644,Tony,105694573060
1cyQKKI,2011-04-02 03:48:24,photo,139801076484,Seanmichael,121782545156
1cyQKKI,2011-04-02 03:48:17,photo,139548369668,Madeline,108272034564
1cyQKKI,2011-04-02 03:45:52,photo,139685733124,Madeline,108272034564
1cyQKKI,2011-04-02 03:43:21,photo,139732919044,Tony,105694573060
1cyQKKI,2011-04-02 03:43:00,photo,139663713028,Madeline,108272034564
1cyQKKI,2011-04-02 03:42:50,photo,139888108292,Seanmichael,121782545156
1cyQKKI,2011-04-02 03:41:51,photo,139715093252,Seanmichael,121782545156
1cyQKKI,2011-04-02 03:41:28,photo,139657421572,Seanmichael,121782545156
1cyQKKI,2011-04-02 03:40:46,photo,139487552260,Madeline,108272034564
1cyQKKI,2011-04-02 03:37:57,photo,139706704644,LeviathanArt,138253278212
1cyQKKI,2011-04-02 03:37:53,photo,139804222212,Madeline,108272034564
1cyQKKI,2011-04-02 03:35:47,photo,139871331076,Madeline,108272034564
1cyQKKI,2011-04-02 03:32:44,photo,139361723140,Seanmichael,121782545156
1cyQKKI,2011-04-02 03:31:19,photo,139839873796,Seanmichael,121782545156
1cyQKKI,2011-04-02 03:30:30,photo,139819950852,Tony,105694573060
1cyQKKI,2011-04-02 03:29:58,photo,139824145156,Madeline,108272034564
1cyQKKI,2011-04-02 03:28:45,photo,139680490244,Seanmichael,121782545156
1cyQKKI,2011-04-02 03:27:36,photo,139808416516,Dimitri,129063668484
1cyQKKI,2011-04-02 03:20:57,photo,139741307652,StacyMichelle,0
1cyQKKI,2011-04-02 03:20:21,photo,139566195460,Seanmichael,121782545156
1cyQKKI,2011-04-02 03:19:54,photo,139393180420,Tony,105694573060
1cyQKKI,2011-04-02 03:19:36,photo,139638547204,Tony,105694573060
1cyQKKI,2011-04-02 03:18:40,photo,139627012868,Tony,105694573060
1cyQKKI,2011-04-02 03:18:32,photo,139873428228,LeviathanArt,138253278212
1cyQKKI,2011-04-02 03:18:18,photo,139872379652,LeviathanArt,138253278212
1cyQKKI,2011-04-02 03:18:04,photo,139881816836,LeviathanArt,138253278212
1cyQKKI,2011-04-02 03:17:59,photo,139696218884,Madeline,108272034564
1cyQKKI,2011-04-02 03:14:51,photo,139594507012,Tony,105694573060
1cyQKKI,2011-04-02 03:13:58,photo,139745501956,Tony,105694573060
1cyQKKI,2011-04-02 03:13:48,photo,139508523780,Josh,135716990468
1cyQKKI,2011-04-02 03:12:42,photo,139062878980,Tony,105694573060
1cyQKKI,2011-04-02 03:09:31,photo,139625964292,LeviathanArt,138253278212
1cyQKKI,2011-04-02 03:06:58,photo,139402617604,LeviathanArt,138253278212
1cyQKKI,2011-04-02 03:06:34,photo,139708801796,Madeline,108272034564
1cyQKKI,2011-04-02 03:05:41,photo,138971652868,Seanmichael,121782545156
1cyQKKI,2011-04-02 03:04:24,photo,139703558916,LeviathanArt,138253278212
1cyQKKI,2011-04-02 03:03:38,photo,139434074884,LeviathanArt,138253278212
1cyQKKI,2011-04-02 03:03:16,photo,139559904004,LeviathanArt,138253278212
1cyQKKI,2011-04-02 03:02:14,photo,139532641028,LeviathanArt,138253278212
1cyQKKI,2011-04-02 03:01:59,photo,139698316036,LeviathanArt,138253278212
1cyQKKI,2011-04-02 02:57:09,photo,139414151940,Tony,105694573060
1cyQKKI,2011-04-02 02:55:10,photo,139645887236,Madeline,108272034564
1cyQKKI,2011-04-02 02:53:30,photo,139375354628,Madeline,108272034564
1cyQKKI,2011-04-02 02:51:06,photo,139636450052,Megan,104879961092
1cyQKKI,2011-04-02 02:49:56,photo,139297760004,Megan,104879961092
1cyQKKI,2011-04-02 02:49:10,photo,139592409860,Megan,104879961092
1cyQKKI,2011-04-02 02:48:03,photo,139480212228,Megan,104879961092
1cyQKKI,2011-04-02 02:47:08,photo,139220165380,Madeline,108272034564
1cyQKKI,2011-04-02 02:45:31,photo,139360674564,Megan,104879961092
1cyQKKI,2011-04-02 02:43:33,photo,139536835332,Megan,104879961092
1cyQKKI,2011-04-02 02:43:33,photo,139495940868,Madeline,108272034564
1cyQKKI,2011-04-02 02:42:29,photo,139604992772,Seanmichael,121782545156
1cyQKKI,2011-04-02 02:41:58,photo,139433026308,Tony,105694573060
1cyQKKI,2011-04-02 02:41:49,photo,139123696388,Seanmichael,121782545156
1cyQKKI,2011-04-02 02:41:35,photo,139609187076,Megan,104879961092
1cyQKKI,2011-04-02 02:39:54,photo,139178222340,Seanmichael,121782545156
1cyQKKI,2011-04-02 02:39:23,photo,139466580740,Tony,105694573060
1cyQKKI,2011-04-02 02:38:50,photo,139603944196,David,136236273668
1cyQKKI,2011-04-02 02:38:29,photo,139114259204,Tony,105694573060
1cyQKKI,2011-04-02 02:38:12,photo,139598701316,Tony,105694573060
1cyQKKI,2011-04-02 02:38:08,photo,139204436740,Seanmichael,121782545156
1cyQKKI,2011-04-02 02:38:06,photo,139573535492,David,136236273668
1cyQKKI,2011-04-02 02:37:45,photo,139427783428,Seanmichael,121782545156
1cyQKKI,2011-04-02 02:37:25,photo,139350188804,Seanmichael,121782545156
1cyQKKI,2011-04-02 02:37:03,photo,139593458436,Otto,137700357124
1cyQKKI,2011-04-02 02:36:32,photo,138925515524,Megan,104879961092
1cyQKKI,2011-04-02 02:34:45,photo,139129987844,Megan,104879961092
1cyQKKI,2011-04-02 02:34:22,photo,139230651140,Megan,104879961092
1cyQKKI,2011-04-02 02:26:36,photo,139162493700,Tony,105694573060
1cyQKKI,2011-04-02 02:23:28,photo,139169833732,Madeline,108272034564
1cyQKKI,2011-04-02 02:22:59,photo,138933904132,Madeline,108272034564
1D4xmIa,2011-08-07 10:06:32,photo,191918811652,Ranford,181951048196
1D4xmIa,2011-08-07 10:02:19,photo,191939783172,Ranford,181951048196
1DeM5ie,2011-06-11 15:32:50,photo,183325775876,colorthatshit,178848356356
1DeM5ie,2011-06-11 15:06:55,photo,183324727300,colorthatshit,178848356356
1DeM5ie,2011-06-11 15:06:00,photo,183340455940,colorthatshit,178848356356
1DeM5ie,2011-06-11 15:05:30,photo,183321581572,colorthatshit,178848356356
1DeM5ie,2011-06-11 15:04:16,photo,183339407364,colorthatshit,178848356356
1DeM5ie,2011-06-11 15:03:35,photo,183329970180,colorthatshit,178848356356
1DeM5ie,2011-06-11 14:58:25,photo,183328921604,colorthatshit,178848356356
1DeM5ie,2011-06-11 14:56:46,photo,183323678724,colorthatshit,178848356356
1DeM5ie,2011-06-11 14:56:13,photo,183314241540,colorthatshit,178848356356
1DeM5ie,2011-06-11 14:55:09,photo,183289075716,colorthatshit,178848356356
1DeM5ie,2011-06-11 14:54:04,photo,183310047236,colorthatshit,178848356356
1DeM5ie,2011-06-11 14:51:52,photo,183308998660,colorthatshit,178848356356
1DeM5ie,2011-06-11 14:51:11,photo,183319484420,colorthatshit,178848356356
1DeM5ie,2011-06-11 14:50:43,photo,183318435844,colorthatshit,178848356356
1DeM5ie,2011-06-11 14:50:11,photo,183313192964,colorthatshit,178848356356
1DeM5ie,2011-06-11 14:49:41,photo,183280687108,colorthatshit,178848356356
1DeM5ie,2011-06-11 14:49:26,photo,183254472708,colorthatshit,178848356356
1DeM5ie,2011-06-11 14:46:19,photo,183252375556,colorthatshit,178848356356
1DeM5ie,2011-06-11 14:45:23,photo,183307950084,colorthatshit,178848356356
1DeM5ie,2011-06-11 14:44:57,photo,183253424132,colorthatshit,178848356356
1DeM5ie,2011-06-11 14:44:17,photo,183301658628,colorthatshit,178848356356
1DeM5ie,2011-06-11 14:35:05,photo,183305852932,colorthatshit,178848356356
1DeM5ie,2011-06-11 14:34:03,photo,183304804356,colorthatshit,178848356356
1DeM5ie,2011-06-11 14:32:37,photo,183303755780,colorthatshit,178848356356
1DeM5ie,2011-06-11 14:10:28,photo,183302707204,colorthatshit,178848356356
1dhtiOI,2011-04-06 00:28:14,photo,144753218820,shotaro,144753218820
1Duh1HI,2011-04-06 17:34:08,photo,146671807236,Christoph,128072166148
1Duh1HI,2011-04-06 17:31:17,photo,146547026692,Jan,144659558404
1Duh1HI,2011-04-06 17:30:35,photo,146280688388,Christoph,128072166148
1Duh1HI,2011-04-06 17:30:21,photo,146676001540,Christoph,128072166148
1Duh1HI,2011-04-06 17:30:16,photo,146421197572,Jan,144659558404
1EkNbwI,2011-04-25 08:34:13,photo,162298839812,gyoen,110163641092
1FSHVJI,2011-03-25 09:24:53,photo,111797633284,Sushi,111797633284
1G6x8xI,2011-04-27 09:49:18,photo,163235030788,ksksatoh,162552798980
1G6x8xI,2011-04-27 09:40:36,photo,163146950404,Sakai,145257195268
1G6x8xI,2011-04-27 09:40:26,photo,163174213380,ksksatoh,162552798980
1G6x8xI,2011-04-27 09:40:13,photo,163204622084,Sakai,145257195268
1G6x8xI,2011-04-27 09:40:09,photo,163239225092,ksksatoh,162552798980
1G6x8xI,2011-04-27 09:29:19,photo,163151144708,ksksatoh,162552798980
1G6x8xI,2011-04-27 09:29:17,photo,163261245188,Sakai,145257195268
1G6x8xI,2011-04-27 09:27:36,photo,163173164804,Sakai,145257195268
1G6x8xI,2011-04-27 09:26:48,photo,163228739332,ksksatoh,162552798980
1G6x8xI,2011-04-27 09:26:28,photo,163275925252,ksksatoh,162552798980
1G6x8xI,2011-04-27 09:25:44,photo,163172116228,ksksatoh,162552798980
1G6x8xI,2011-04-27 09:25:36,photo,163260196612,Sakai,145257195268
1G6x8xI,2011-04-27 09:25:24,photo,163207767812,Sakai,145257195268
1G6x8xI,2011-04-27 09:25:08,photo,163162679044,Sakai,145257195268
1G6x8xI,2011-04-27 09:24:51,photo,163158484740,Sakai,145257195268
1GwgKoI,2011-04-10 06:25:09,photo,151704652804,Haruo,144457944068
1HigDJe,2011-05-29 06:05:09,photo,181037359364,Bryan,162889897988
1HigDJe,2011-05-29 06:04:24,photo,181089788164,Filip,167286333700
1HigDJe,2011-05-29 06:03:58,photo,181117051140,Filip,167286333700
1HigDJe,2011-05-29 06:03:34,photo,181103419652,Filip,167286333700
1HigDJe,2011-05-29 06:02:23,photo,181083496708,Filip,167286333700
1HigDJe,2011-05-29 05:59:25,photo,181114953988,Filip,167286333700
1HigDJe,2011-05-29 05:59:02,photo,181107613956,Bryan,162889897988
1HigDJe,2011-05-29 05:59:01,photo,181113905412,Filip,167286333700
1HigDJe,2011-05-29 05:58:21,photo,181112856836,Bryan,162889897988
1HigDJe,2011-05-29 05:58:04,photo,181111808260,Filip,167286333700
1HigDJe,2011-05-29 05:57:51,photo,181102371076,Filip,167286333700
1HigDJe,2011-05-29 05:57:32,photo,181101322500,Filip,167286333700
1HigDJe,2011-05-29 05:56:58,photo,181082448132,Filip,167286333700
1HigDJe,2011-05-29 05:56:20,photo,181062525189,Filip,167286333700
1hKGcuY,2011-06-08 13:15:23,photo,180204204804,MaggieK,180165407492
1hQvNoI,2011-04-13 12:15:01,photo,149542372868,Marcel,135959119364
1IseIXI,2011-04-10 20:50:51,photo,152148814084,Mara,146232748292
1iYCNMY,2011-06-03 12:58:33,photo,175876936708,Mathias,176669518596
1iYCNMY,2011-06-03 12:57:24,photo,175944045572,Mathias,176669518596
1iYCNMY,2011-06-03 12:55:26,photo,175913636868,Fred,105685259268
1jApbaa,2011-05-28 17:07:36,photo,177673156868,Aun,177673156868
1JFvPze,2011-05-03 02:03:28,photo,166656315396,kentaro,164602155012
1JfXn7e,2011-07-01 23:45:28,photo,181649492740,アッキー,150333770500
1jJSVRI,2011-04-07 04:16:48,photo,145628091140,KK,145628091140
1ju5ohY,2011-08-10 20:09:24,photo,194478842116,technopop,193574969604
1KEXKTa,2011-04-23 18:32:54,photo,160982558212,Paul M,161207495940
1KEXKTa,2011-04-23 18:32:38,photo,161152427524,Paul M,161207495940
1KEXKTa,2011-04-23 18:31:05,photo,160882943492,Audrey,160186642436
1KEXKTa,2011-04-23 18:29:16,photo,161108387332,Paul M,161207495940
1KEXKTa,2011-04-23 18:28:35,photo,161107338756,Paul M,161207495940
1KEXKTa,2011-04-23 18:25:31,photo,161130407428,Steve,162095568388
1KEXKTa,2011-04-23 18:22:57,photo,161022404100,Paul M,161207495940
1KEXKTa,2011-04-23 18:21:30,photo,161131456004,Paul M,161207495940
1KEXKTa,2011-04-23 18:21:04,photo,161127261700,Paul M,161207495940
1KEXKTa,2011-04-23 18:16:22,photo,161106290180,Van,116876569860
1KEXKTa,2011-04-23 18:15:41,photo,160877700612,Audrey,160186642436
1KEXKTa,2011-04-23 18:15:18,photo,160981509636,Bob,162902256132
1KEXKTa,2011-04-23 18:12:35,photo,161120970244,Van,116876569860
1KEXKTa,2011-04-23 18:11:44,photo,161003529732,Mohit,105032250628
1KEXKTa,2011-04-23 18:09:52,photo,161085318660,Bob,162902256132
1KEXKTa,2011-04-23 18:08:47,photo,160967878148,Audrey,160186642436
1KEXKTa,2011-04-23 18:07:58,photo,160976266756,Paul M,161207495940
1KEXKTa,2011-04-23 18:07:43,photo,160993043972,Paul M,161207495940
1KEXKTa,2011-04-23 18:07:05,photo,161030792708,Paul M,161207495940
1KEXKTa,2011-04-23 18:06:22,photo,161009821188,Paul M,161207495940
1KEXKTa,2011-04-23 18:06:02,photo,161102095876,Paul M,161207495940
1KEXKTa,2011-04-23 18:03:54,photo,161029744132,Paul M,161207495940
1KEXKTa,2011-04-23 18:00:20,photo,160925935108,Don,121505826564
1kj7YNa,2011-06-04 04:34:27,photo,176450453764,makino,152851202308
